id,type,name,operator,county,state_abb,fips,lat,lon,sqft,grid_region_code,grid_match,fossil_majority_hours_pct
00626281456,building,AngelTrax Data Center,AngelTrax Mobile Video Surveillance Solutions,Houston County,AL,01069,31.231904196338384,-85.45584883805839,10736.0,SOCO,county served by one grid region,97.9
00714889192,campus,Google Jackson County Data Center,Google LLC,Jackson County,AL,01071,34.914333709146234,-85.74826082398661,7582142.0,TVA,county served by one grid region,55.3
00844371952,building,Google,Google,Jackson County,AL,01071,34.9136919358168,-85.74742813692481,144996.0,TVA,county served by one grid region,55.3
00844371953,building,Google,Google,Jackson County,AL,01071,34.91367641738197,-85.74593535678355,141947.0,TVA,county served by one grid region,55.3
00836908998,campus,Sungard Systems International,,Jefferson County,AL,01073,33.40471562419184,-86.91145719083487,665569.0,TVA,county served by one grid region,55.3
00018518989,campus,Meta Huntsville Data Center,Meta,Madison County,AL,01089,34.844244678024516,-86.62831680386925,14435561.0,,not found: no utility to grid record for this county,
00408012357,building,George C. Wallace Alabama Supercomputer Center,Alabama Supercomputer Authority,Madison County,AL,01089,34.73654090277783,-86.67309882783594,14919.0,,not found: no utility to grid record for this county,
00961071564,building,SimpleHelix,,Madison County,AL,01089,34.7454310001572,-86.69188299975418,16411.0,,not found: no utility to grid record for this county,
01160814413,building,Meta Huntsville Data center,Meta,Madison County,AL,01089,34.847333791994075,-86.6269185980179,578342.0,,not found: no utility to grid record for this county,
01160814415,building,Meta Huntsville Data center,Meta,Madison County,AL,01089,34.843182229068525,-86.62886566493462,352651.0,,not found: no utility to grid record for this county,
01160814416,building,Meta Huntsville Data center,Meta,Madison County,AL,01089,34.84043160671047,-86.62884123942305,857148.0,,not found: no utility to grid record for this county,
00388148510,building,TierPoint Little Rock,,Pulaski County,AR,05119,34.75623579847398,-92.44472351005183,31845.0,MISO,county served by one grid region,91.3
01020721870,building,Searcy Information Technologies,City of Searcy,White County,AR,05145,35.2492158371357,-91.74090585909379,4580.0,MISO,county served by one grid region,91.3
01042260902,building,,DirecTV,Cochise County,AZ,04003,31.972674750091073,-110.3047516999998,7539.0,,"not assigned: county is served by AZPS, PNM, WALC",
00131891022,building,Iron Mountain Records Storage,,Maricopa County,AZ,04013,33.42038002636909,-112.04132578020345,145832.0,,"not assigned: county is served by AZPS, SRP, WALC",
00151179323,building,Lumen,Lumen Technologies,Maricopa County,AZ,04013,33.49433566334995,-112.0707857401212,25456.0,,"not assigned: county is served by AZPS, SRP, WALC",
00152163711,building,L3Harris Technologies Inc,,Maricopa County,AZ,04013,33.30535847275577,-111.67170400659428,14469.0,,"not assigned: county is served by AZPS, SRP, WALC",
00152163722,building,AZ Labs,,Maricopa County,AZ,04013,33.30627197658142,-111.67170030901957,31625.0,,"not assigned: county is served by AZPS, SRP, WALC",
00155739337,building,Aligned Energy Data Center,,Maricopa County,AZ,04013,33.65904093265778,-112.11116815143933,512814.0,,"not assigned: county is served by AZPS, SRP, WALC",
00157362579,building,Flexential Phoenix - Deer Valley,Flexential,Maricopa County,AZ,04013,33.684674135493076,-112.09835688433343,110023.0,,"not assigned: county is served by AZPS, SRP, WALC",
00210917861,building,Data Storage Centers,,Maricopa County,AZ,04013,33.421692874680716,-112.03430310768363,38109.0,,"not assigned: county is served by AZPS, SRP, WALC",
00220518160,building,Digital Realty Data Center,Digital Realty,Maricopa County,AZ,04013,33.344648208315185,-111.899226799974,67568.0,,"not assigned: county is served by AZPS, SRP, WALC",
00244490839,building,PhoenixNAP,,Maricopa County,AZ,04013,33.41605053769886,-112.0094263246897,79223.0,,"not assigned: county is served by AZPS, SRP, WALC",
00290307022,building,Cogent Data Center,"Cogent Communications, Inc.",Maricopa County,AZ,04013,33.400255234990105,-112.04789988122732,51675.0,,"not assigned: county is served by AZPS, SRP, WALC",
00300952513,building,Digital Realty Phoenix PHX15,Digital Realty,Maricopa County,AZ,04013,33.27497378533701,-111.88662619785597,294678.0,,"not assigned: county is served by AZPS, SRP, WALC",
00300959969,building,H5 Phoenix,H5,Maricopa County,AZ,04013,33.27691083822963,-111.88590913146852,50925.0,,"not assigned: county is served by AZPS, SRP, WALC",
00300959970,building,CyrusOne PHX1,CyrusOne,Maricopa County,AZ,04013,33.27085532906607,-111.88191152923802,137355.0,,"not assigned: county is served by AZPS, SRP, WALC",
00300974499,building,Apple Data Center,Apple Inc.,Maricopa County,AZ,04013,33.34701915860399,-111.60405623426205,1338261.0,,"not assigned: county is served by AZPS, SRP, WALC",
00468707940,building,Stream Data Centers PHX-1,,Maricopa County,AZ,04013,33.41949068772329,-112.35998844515763,413250.0,,"not assigned: county is served by AZPS, SRP, WALC",
00518921099,campus,Google Data Center,Google,Maricopa County,AZ,04013,33.35397593532737,-111.67591118204943,7905597.0,,"not assigned: county is served by AZPS, SRP, WALC",
00530982335,building,GoDaddy - Gilbert,,Maricopa County,AZ,04013,33.36191382983084,-111.83930897383503,91811.0,,"not assigned: county is served by AZPS, SRP, WALC",
00543117031,building,Centersquare: Phoenix - (PHX1 - Mesa),Centersquare,Maricopa County,AZ,04013,33.421284262350255,-111.85899423023753,57992.0,,"not assigned: county is served by AZPS, SRP, WALC",
00567575425,building,,,Maricopa County,AZ,04013,33.34702102097167,-111.60413892780115,1263277.0,,"not assigned: county is served by AZPS, SRP, WALC",
00567575428,campus,Apple Mesa Data Center,Apple,Maricopa County,AZ,04013,33.34679827603292,-111.60431805940925,3983906.0,,"not assigned: county is served by AZPS, SRP, WALC",
00685011021,campus,Iron Mountain AZP-2,Iron Mountain,Maricopa County,AZ,04013,33.45214088175117,-111.97730491362317,463636.0,,"not assigned: county is served by AZPS, SRP, WALC",
00781370600,building,CyrusOne PHX6,CyrusOne,Maricopa County,AZ,04013,33.26757617844676,-111.88253182214665,98354.0,,"not assigned: county is served by AZPS, SRP, WALC",
00795384117,building,PHX-10,Microsoft,Maricopa County,AZ,04013,33.40794624396243,-112.36482981743815,246184.0,,"not assigned: county is served by AZPS, SRP, WALC",
00808979618,building,EdgeCore,,Maricopa County,AZ,04013,33.344131138754335,-111.6195525034396,112901.0,,"not assigned: county is served by AZPS, SRP, WALC",
00827888890,campus,EdgeCore Digital,,Maricopa County,AZ,04013,33.3442978188128,-111.62196431898784,1602504.0,,"not assigned: county is served by AZPS, SRP, WALC",
00828228235,building,StrongMind,,Maricopa County,AZ,04013,33.342616247713266,-111.84097388722815,20604.0,,"not assigned: county is served by AZPS, SRP, WALC",
00836947535,building,Myndshift Technologies,,Maricopa County,AZ,04013,33.47542082249551,-111.71916515034209,21279.0,,"not assigned: county is served by AZPS, SRP, WALC",
00938592711,building,,,Maricopa County,AZ,04013,33.43946838545604,-112.3770584915453,224651.0,,"not assigned: county is served by AZPS, SRP, WALC",
00940821791,building,Omnis Network,,Maricopa County,AZ,04013,33.39440984512777,-111.95249099702062,16956.0,,"not assigned: county is served by AZPS, SRP, WALC",
00977653854,building,CyrusOne PHX7,,Maricopa County,AZ,04013,33.266358037761506,-111.88190865991771,138671.0,,"not assigned: county is served by AZPS, SRP, WALC",
00977653858,building,CyrusOne PHX4,CyrusOne,Maricopa County,AZ,04013,33.2687661963882,-111.88251618115733,103008.0,,"not assigned: county is served by AZPS, SRP, WALC",
00977653859,building,CyrusOne PHX5,CyrusOne,Maricopa County,AZ,04013,33.269741071416476,-111.88158696587298,102958.0,,"not assigned: county is served by AZPS, SRP, WALC",
01015704066,building,EdgeConneX PHX02 Data Center,EdgeConneX,Maricopa County,AZ,04013,33.35201067934632,-111.64752987065916,654105.0,,"not assigned: county is served by AZPS, SRP, WALC",
01052182309,campus,,,Maricopa County,AZ,04013,33.49340636611736,-112.07061506346676,365629.0,,"not assigned: county is served by AZPS, SRP, WALC",
01083297858,campus,Meta Data Center,Meta,Maricopa County,AZ,04013,33.343592283212516,-111.6303055253432,14850970.0,,"not assigned: county is served by AZPS, SRP, WALC",
01091128478,building,PHX-11,Microsoft,Maricopa County,AZ,04013,33.40903088866142,-112.3648033961419,248866.0,,"not assigned: county is served by AZPS, SRP, WALC",
01132632705,building,QTS,Quality Technology Services,Maricopa County,AZ,04013,33.460806376980806,-111.99712196333098,156513.0,,"not assigned: county is served by AZPS, SRP, WALC",
01227682824,building,CyrusOne PHX8,,Maricopa County,AZ,04013,33.26634359950168,-111.88328970114857,138766.0,,"not assigned: county is served by AZPS, SRP, WALC",
01227684019,building,CyrusOne PHX3,,Maricopa County,AZ,04013,33.271968058402116,-111.88162712790563,107618.0,,"not assigned: county is served by AZPS, SRP, WALC",
01227684020,building,CyrusOne PHX4,,Maricopa County,AZ,04013,33.27193710235771,-111.88328211364427,108957.0,,"not assigned: county is served by AZPS, SRP, WALC",
01283734104,building,Microsoft,Microsoft,Maricopa County,AZ,04013,33.44634015387983,-112.37391953991316,238581.0,,"not assigned: county is served by AZPS, SRP, WALC",
01315636714,building,QTS,Quality Technology Services,Maricopa County,AZ,04013,33.46474691950877,-111.99753426906965,162484.0,,"not assigned: county is served by AZPS, SRP, WALC",
01356594646,campus,NTT PH1 Datacenter,NTT,Maricopa County,AZ,04013,33.353820971794995,-111.61234316481308,3498780.0,,"not assigned: county is served by AZPS, SRP, WALC",
01357825755,campus,Iron Mountain AZP-1,Iron Mountain,Maricopa County,AZ,04013,33.45448755055384,-111.97645506133327,1290579.0,,"not assigned: county is served by AZPS, SRP, WALC",
01372772726,building,,,Maricopa County,AZ,04013,33.35323014577916,-111.67808965639534,241211.0,,"not assigned: county is served by AZPS, SRP, WALC",
01456975947,building,,,Maricopa County,AZ,04013,33.34718733044236,-111.6324625173746,652528.0,,"not assigned: county is served by AZPS, SRP, WALC",
01456975948,building,,,Maricopa County,AZ,04013,33.346322514530925,-111.6289166123353,652573.0,,"not assigned: county is served by AZPS, SRP, WALC",
01456975949,building,,,Maricopa County,AZ,04013,33.347168811477516,-111.62596778673522,337459.0,,"not assigned: county is served by AZPS, SRP, WALC",
07557854384,point,OptimumHQ,,Maricopa County,AZ,04013,33.38041490000001,-111.7526684,,,"not assigned: county is served by AZPS, SRP, WALC",
07557868585,point,The Chatfield Group,,Maricopa County,AZ,04013,33.38060100000002,-111.7528888,,,"not assigned: county is served by AZPS, SRP, WALC",
07578821329,point,All About Serving Process Server,,Maricopa County,AZ,04013,33.31991570000004,-111.809686,,,"not assigned: county is served by AZPS, SRP, WALC",
07737996606,point,Emailage,,Maricopa County,AZ,04013,33.30296499999996,-111.8405386,,,"not assigned: county is served by AZPS, SRP, WALC",
07821940847,point,Alliance Technology,,Maricopa County,AZ,04013,33.37998619999999,-111.728405,,,"not assigned: county is served by AZPS, SRP, WALC",
10796113031,point,VaultLogix,,Maricopa County,AZ,04013,33.62736699999998,-111.9017033,,,"not assigned: county is served by AZPS, SRP, WALC",
10796113033,point,Profit Finder Pro Software,,Maricopa County,AZ,04013,33.627247700000005,-111.9020476,,,"not assigned: county is served by AZPS, SRP, WALC",
10798644674,point,DataPro USA Web Development,,Maricopa County,AZ,04013,33.61166239999997,-111.9139825,,,"not assigned: county is served by AZPS, SRP, WALC",
10938672218,point,K-Motion Interactive,,Maricopa County,AZ,04013,33.63448429999997,-111.8843457,,,"not assigned: county is served by AZPS, SRP, WALC",
11018926315,point,Iron Mountain Data Centers AZS-1,,Maricopa County,AZ,04013,33.64466630000003,-111.8960985,,,"not assigned: county is served by AZPS, SRP, WALC",
11113161710,point,Accelera Data Systems,,Maricopa County,AZ,04013,33.664745499999945,-112.1117142,,,"not assigned: county is served by AZPS, SRP, WALC",
11666916913,point,EdgeConneX Data Center,EdgeConneX,Maricopa County,AZ,04013,33.39558550000002,-111.9700762,,,"not assigned: county is served by AZPS, SRP, WALC",
11938614120,point,"Alembic Computer Services, Inc.",,Maricopa County,AZ,04013,33.40513069999998,-111.9773353,,,"not assigned: county is served by AZPS, SRP, WALC",
11938631189,point,J-Curve Technologies,,Maricopa County,AZ,04013,33.413185599999956,-111.9711539,,,"not assigned: county is served by AZPS, SRP, WALC",
13019681063,point,Comarch,,Maricopa County,AZ,04013,33.35667870000003,-111.6352356,,,"not assigned: county is served by AZPS, SRP, WALC",
00843314844,building,,DirecTV,Pima County,AZ,04019,32.092706483207095,-110.78742365957719,14373.0,,"not assigned: county is served by AZPS, WALC",
00358946546,building,QES Computers,,Alameda County,CA,06001,37.699475300043446,-121.90379949999843,941.0,CISO,county served by one grid region,24.8
00383728972,building,Hurricane Electric Fremont 1,Hurricane Electric,Alameda County,CA,06001,37.48986462008944,-121.93101655253417,33640.0,CISO,county served by one grid region,24.8
00384310259,building,XO Fremont,XO,Alameda County,CA,06001,37.47533720746737,-121.92211346250497,65815.0,CISO,county served by one grid region,24.8
00384310269,building,Hurricane Electric Fremont 2,Hurricane Electric,Alameda County,CA,06001,37.471827238512944,-121.92031059714009,181268.0,CISO,county served by one grid region,24.8
05146323411,point,Open Computing Facility,,Alameda County,CA,06001,37.86985210000005,-122.25982310000002,,CISO,county served by one grid region,24.8
10880725408,point,e360,,Contra Costa County,CA,06013,37.971080899999976,-122.0437382,,,not found: no utility to grid record for this county,
00030666790,building,USPO Terminal Annex,United States Postal Service,Los Angeles County,CA,06037,34.05810223824728,-118.23539293645689,99270.0,,"not assigned: county is served by CISO, LDWP",
00424945736,building,,Centurylink,Los Angeles County,CA,06037,33.91772905166227,-118.38631267027328,71500.0,,"not assigned: county is served by CISO, LDWP",
00424945845,building,Serverfarm - LAX1,Serverfarm LLC.,Los Angeles County,CA,06037,33.92174167558056,-118.38643608724031,119102.0,,"not assigned: county is served by CISO, LDWP",
00424945852,building,DRT LAX12,Digital Realty,Los Angeles County,CA,06037,33.9156488974591,-118.38463005026091,113310.0,,"not assigned: county is served by CISO, LDWP",
00428021796,building,DRT LAX10,,Los Angeles County,CA,06037,34.04732574551566,-118.25751427697325,66979.0,,"not assigned: county is served by CISO, LDWP",
00428021816,building,One Wilshire,,Los Angeles County,CA,06037,34.04789230531704,-118.25554585155656,43850.0,,"not assigned: county is served by CISO, LDWP",
00460212563,building,,Centurylink,Los Angeles County,CA,06037,34.19986910792885,-118.34378887471212,43140.0,,"not assigned: county is served by CISO, LDWP",
00472954201,building,AT&T,,Los Angeles County,CA,06037,34.57998399250564,-118.11402444850229,17388.0,,"not assigned: county is served by CISO, LDWP",
00495115494,campus,,,Los Angeles County,CA,06037,34.04791495021397,-118.2555689501841,25505.0,,"not assigned: county is served by CISO, LDWP",
13042311881,point,CoreSite - LA2,CoreSite,Los Angeles County,CA,06037,34.0584789,-118.23591439999998,,,"not assigned: county is served by CISO, LDWP",
00464371693,building,Kaiser Data Center,,Napa County,CA,06055,38.254085135435545,-122.2730981200017,162791.0,,not found: no utility to grid record for this county,
00441502816,building,Lumen Technologies,,Orange County,CA,06059,33.716777907497594,-117.80580094927477,85658.0,,not found: no utility to grid record for this county,
00492699069,building,TPx Colocation Datacenter,TPx Communications,Orange County,CA,06059,33.70750645042811,-117.84410419953558,37065.0,,not found: no utility to grid record for this county,
11924506303,point,IT,,Riverside County,CA,06065,33.910289899999995,-117.5030207,,,"not assigned: county is served by CISO, WALC",
00032560290,building,RagingWire CA2,NTT,Sacramento County,CA,06067,38.6503995314376,-121.49194609960875,204702.0,BANC,county served by one grid region,52.7
00032560292,building,RagingWire CA1,NTT,Sacramento County,CA,06067,38.65043183405982,-121.48918647250004,192302.0,BANC,county served by one grid region,52.7
00190868312,building,RagingWire CA3,NTT,Sacramento County,CA,06067,38.64423935185345,-121.49876273285925,151366.0,BANC,county served by one grid region,52.7
00194049551,building,QTS Sacramento,Quality Technology Services,Sacramento County,CA,06067,38.64634932685158,-121.48622274444375,90196.0,BANC,county served by one grid region,52.7
00933393863,building,Edgeconnex Data Center,EdgeConneX,Sacramento County,CA,06067,38.59229735741739,-121.27743720748433,29318.0,BANC,county served by one grid region,52.7
00031800424,building,LightEdge SAN1,,San Diego County,CA,06073,32.827865524456854,-117.12993394622255,83576.0,CISO,county served by one grid region,24.8
00031803515,building,EdgeConneX San Diego,EdgeConneX,San Diego County,CA,06073,32.842308661647536,-117.1693449894231,39204.0,CISO,county served by one grid region,24.8
00531709017,building,AT&T Center,American Telephone & Telegraph,San Diego County,CA,06073,32.74757512655355,-117.15894804229632,88910.0,CISO,county served by one grid region,24.8
00930540164,campus,,,San Diego County,CA,06073,33.15360010009989,-117.23884634999425,13597.0,CISO,county served by one grid region,24.8
02607827436,point,SDSU Computer Room,,San Diego County,CA,06073,32.77502519999998,-117.070888,,CISO,county served by one grid region,24.8
00192307107,building,360 Spear Street Data Center,Digital Realty,San Francisco County,CA,06075,37.788991656058194,-122.39013668484701,34599.0,CISO,county served by one grid region,24.8
00289620443,building,Digital Realty San Francisco SFO10,Digital Realty,San Francisco County,CA,06075,37.7236016950597,-122.39793596994734,104867.0,CISO,county served by one grid region,24.8
00460085343,building,365 Main Street Data Center,Digital Realty,San Francisco County,CA,06075,37.78873103633594,-122.39046904827536,39318.0,CISO,county served by one grid region,24.8
10780794741,point,,Ntirety,San Francisco County,CA,06075,37.7796531,-122.3940005,,CISO,county served by one grid region,24.8
08477460442,point,Digital West Data Center,,San Luis Obispo County,CA,06079,35.25531619999998,-120.64151280000002,,,not found: no utility to grid record for this county,
00035491576,building,Equinix SV1,Equinix,Santa Clara County,CA,06085,37.241586803667886,-121.7833201255276,135022.0,CISO,county served by one grid region,24.8
00037877544,building,Lumen Sunnyvale 1,Lumen Technologies,Santa Clara County,CA,06085,37.37343914789955,-121.98781298697565,77132.0,CISO,county served by one grid region,24.8
00037947313,building,OpenColo,,Santa Clara County,CA,06085,37.37881629201175,-121.95593725165453,65471.0,CISO,county served by one grid region,24.8
00037947314,building,Equinix Santa Clara SV2,Equinix,Santa Clara County,CA,06085,37.378433690080165,-121.95499188020412,81106.0,CISO,county served by one grid region,24.8
00037947315,building,Layer42 Santa Clara,Layer42,Santa Clara County,CA,06085,37.378039948434136,-121.95415110304295,25031.0,CISO,county served by one grid region,24.8
00038305431,building,Digital Realty Silicon Valley SJC34,Digital Realty,Santa Clara County,CA,06085,37.37238819523252,-121.97361948715526,129242.0,CISO,county served by one grid region,24.8
00038305568,building,Csquare SFO1,Csquare,Santa Clara County,CA,06085,37.371519049598696,-121.96969744738088,92193.0,CISO,county served by one grid region,24.8
00038305611,building,,Vantage,Santa Clara County,CA,06085,37.37338590954395,-121.97269293993045,89293.0,CISO,county served by one grid region,24.8
00040608200,building,Cologix Santa Clara SV1 Data Center,Cologix,Santa Clara County,CA,06085,37.365332809551084,-121.96170042164619,80686.0,CISO,county served by one grid region,24.8
00054119665,building,Csquare SFO2,Csquare,Santa Clara County,CA,06085,37.39757919675742,-121.98086935105141,146098.0,CISO,county served by one grid region,24.8
00054119667,building,Csquare SFO2,Csquare,Santa Clara County,CA,06085,37.39861833320087,-121.98111165280665,115693.0,CISO,county served by one grid region,24.8
00054121151,building,QTS Santa Clara 1,Quality Technology Services,Santa Clara County,CA,06085,37.39398377756207,-121.97830969442313,32173.0,CISO,county served by one grid region,24.8
00054173383,building,CoreSite SV3,CoreSite,Santa Clara County,CA,06085,37.37514209318246,-121.97170937322579,57809.0,CISO,county served by one grid region,24.8
00054173753,building,CoreSite SV6,CoreSite,Santa Clara County,CA,06085,37.37630188023717,-121.97208379973041,61065.0,CISO,county served by one grid region,24.8
00054173755,building,CoreSite SV8,CoreSite,Santa Clara County,CA,06085,37.37738265750685,-121.97184005109759,41609.0,CISO,county served by one grid region,24.8
00054383196,building,CoreSite SV5,CoreSite,Santa Clara County,CA,06085,37.37519609854625,-121.97068979280725,50856.0,CISO,county served by one grid region,24.8
00054383197,building,CoreSite SV9,CoreSite,Santa Clara County,CA,06085,37.37555851580601,-121.9696099700251,60403.0,CISO,county served by one grid region,24.8
00058708529,building,QTS Santa Clara 2,Quality Technology Services,Santa Clara County,CA,06085,37.392721680154914,-121.97839685451906,36808.0,CISO,county served by one grid region,24.8
00099813512,building,Equinix SV4,Equinix,Santa Clara County,CA,06085,37.41456431406775,-122.01457953832227,122369.0,CISO,county served by one grid region,24.8
00132746406,building,Equinix SV8,Equinix,Santa Clara County,CA,06085,37.44589521919974,-122.16078171336197,12034.0,CISO,county served by one grid region,24.8
00161126131,building,Equinix SV5,Equinix,Santa Clara County,CA,06085,37.24204046852016,-121.78183927929481,166314.0,CISO,county served by one grid region,24.8
00205823968,building,Equinix SV15,Equinix,Santa Clara County,CA,06085,37.3754951498238,-121.98840629999835,38211.0,CISO,county served by one grid region,24.8
00205823970,building,Equinix SV16,Equinix,Santa Clara County,CA,06085,37.37611802320719,-121.98868795324002,26347.0,CISO,county served by one grid region,24.8
00205823971,building,Equinix SV17,Equinix,Santa Clara County,CA,06085,37.37652899594956,-121.98858391314208,42360.0,CISO,county served by one grid region,24.8
00205823980,building,Equinix SV14,Equinix,Santa Clara County,CA,06085,37.374962138504316,-121.98850932446409,20213.0,CISO,county served by one grid region,24.8
00205846843,building,CoreSite SV4,CoreSite,Santa Clara County,CA,06085,37.376263105040294,-121.97068417339611,51928.0,CISO,county served by one grid region,24.8
00209073635,building,Lumen Santa Clara,Lumen Technologies,Santa Clara County,CA,06085,37.37700481451302,-121.952081932971,25424.0,CISO,county served by one grid region,24.8
00209073636,building,Prime Santa Clara,Prime,Santa Clara County,CA,06085,37.37501721660046,-121.95324973327962,30065.0,CISO,county served by one grid region,24.8
00209073641,building,Digital Realty Silicon Valley SJC10,Digital Realty,Santa Clara County,CA,06085,37.375822905793676,-121.95333535904547,57051.0,CISO,county served by one grid region,24.8
00209073645,building,Colovore,,Santa Clara County,CA,06085,37.37672946683328,-121.95314883048796,24161.0,CISO,county served by one grid region,24.8
00209073647,building,Digital Realty Silicon Valley SJC30,Digital Realty,Santa Clara County,CA,06085,37.37828897395487,-121.95810528697963,48539.0,CISO,county served by one grid region,24.8
00209073649,building,Digital Realty Silicon Valley SJC15,Digital Realty,Santa Clara County,CA,06085,37.374996550088426,-121.95407689999966,24615.0,CISO,county served by one grid region,24.8
00209073653,building,Digital Realty Silicon Valley SJC16,Digital Realty,Santa Clara County,CA,06085,37.374929097082685,-121.9559861698452,42504.0,CISO,county served by one grid region,24.8
00209073657,building,Digital Realty Silicon Valley SJC29,Digital Realty,Santa Clara County,CA,06085,37.37502320043753,-121.95809620000126,40287.0,CISO,county served by one grid region,24.8
00209073658,building,Csquare SFO4,Csquare,Santa Clara County,CA,06085,37.37577706129449,-121.9551929871648,27286.0,CISO,county served by one grid region,24.8
00209073659,building,Prime SANTA CLARA DATA CENTER,Prime,Santa Clara County,CA,06085,37.37502630609213,-121.95488070140483,25825.0,CISO,county served by one grid region,24.8
00209076412,building,Digital Realty Silicon Valley SJC11,Digital Realty,Santa Clara County,CA,06085,37.3763410080539,-121.94853104740695,44027.0,CISO,county served by one grid region,24.8
00209077298,building,Lumen,Lumen Technologies,Santa Clara County,CA,06085,37.37758479573238,-121.95068207526988,15840.0,CISO,county served by one grid region,24.8
00209087373,building,Silicon Valley SJC31,Digital Realty,Santa Clara County,CA,06085,37.372249898204316,-121.9483289304616,146597.0,CISO,county served by one grid region,24.8
00209105766,building,,,Santa Clara County,CA,06085,37.379779111635564,-121.9499100438154,18864.0,CISO,county served by one grid region,24.8
00209117217,building,Evocative Santa Clara SJC11,,Santa Clara County,CA,06085,37.389539602058925,-121.9619460438575,51418.0,CISO,county served by one grid region,24.8
00224139416,building,Dell 350 Holger Way,,Santa Clara County,CA,06085,37.418407037850685,-121.9430846177997,45282.0,CISO,county served by one grid region,24.8
00224174031,building,SV Colo,SV Colo,Santa Clara County,CA,06085,37.36431021578032,-121.9587992678193,57709.0,CISO,county served by one grid region,24.8
00224998784,building,Microsoft,Microsoft,Santa Clara County,CA,06085,37.3620662092011,-121.94643635591544,166655.0,CISO,county served by one grid region,24.8
00271893323,building,Csquare SFO3,Csquare,Santa Clara County,CA,06085,37.372103697929965,-121.98603139645,71209.0,CISO,county served by one grid region,24.8
00299388896,building,CoreSite SV2,"CoreSite Real Estate 1656 McCarthy, L.P.",Santa Clara County,CA,06085,37.40568310648504,-121.91624119521207,89939.0,CISO,county served by one grid region,24.8
00358455179,building,Digital Realty Silicon Valley SC1,Digital Realty,Santa Clara County,CA,06085,37.36168658658687,-121.94391134202756,297948.0,CISO,county served by one grid region,24.8
00390287635,building,Equinix SV6,Equinix,Santa Clara County,CA,06085,37.39960173949957,-122.01456250837072,21678.0,CISO,county served by one grid region,24.8
00451413811,building,,,Santa Clara County,CA,06085,37.33363768871057,-121.88797542273252,102004.0,CISO,county served by one grid region,24.8
00460076753,building,Equinix San Jose SV3,Equinix,Santa Clara County,CA,06085,37.38826955704538,-121.88842909046676,109684.0,CISO,county served by one grid region,24.8
00460159925,building,,NTT Limited,Santa Clara County,CA,06085,37.40390424000007,-121.88929689106432,75249.0,CISO,county served by one grid region,24.8
00460159928,building,Csquare SFO1,Csquare,Santa Clara County,CA,06085,37.37043804478318,-121.96982954691394,83921.0,CISO,county served by one grid region,24.8
00460159955,building,,Vantage,Santa Clara County,CA,06085,37.371778697164096,-121.97250520730036,75686.0,CISO,county served by one grid region,24.8
00553223628,building,Stack Infrastructure,Stack Infrastructure,Santa Clara County,CA,06085,37.40255873642884,-121.89338203369857,78105.0,CISO,county served by one grid region,24.8
00553223629,building,Stack Infrastructure,Stack Infrastructure,Santa Clara County,CA,06085,37.402212525793644,-121.89238428102912,107993.0,CISO,county served by one grid region,24.8
00600806974,building,Equinix SV10,Equinix,Santa Clara County,CA,06085,37.241198528847725,-121.78476265158875,86340.0,CISO,county served by one grid region,24.8
00888253616,building,NTT Silicon Valley SV1 Data Center,NTT,Santa Clara County,CA,06085,37.36905321130347,-121.95533775020122,38759.0,CISO,county served by one grid region,24.8
00978632013,building,Northwest Data Center and Communications Hub,,Santa Clara County,CA,06085,37.43343706484073,-122.18073854179177,10145.0,CISO,county served by one grid region,24.8
01065780801,building,Amazon,Amazon Web Services,Santa Clara County,CA,06085,37.389932721842904,-121.96598983231347,98142.0,CISO,county served by one grid region,24.8
01075445245,building,,,Santa Clara County,CA,06085,37.3611399057634,-121.9423061882177,108346.0,CISO,county served by one grid region,24.8
01160688107,building,CoreSite SV7,CoreSite,Santa Clara County,CA,06085,37.37607876788322,-121.97305665064762,60989.0,CISO,county served by one grid region,24.8
01227604493,building,Equinix SV11,Equinix,Santa Clara County,CA,06085,37.24260507449007,-121.7839986384854,76977.0,CISO,county served by one grid region,24.8
01313995085,building,,,Santa Clara County,CA,06085,37.370642952923895,-121.97450722223287,124069.0,CISO,county served by one grid region,24.8
01314010354,building,Vantage Santa Clara CA2,Vantage Data Centers,Santa Clara County,CA,06085,37.36403183434052,-121.9468448755741,132031.0,CISO,county served by one grid region,24.8
01314012931,building,Digital Realty Silicon Valley SJC37,Digital Realty,Santa Clara County,CA,06085,37.37093636866237,-121.9472163527582,155689.0,CISO,county served by one grid region,24.8
01344376231,building,Csquare SFO4,Csquare,Santa Clara County,CA,06085,37.375755231047876,-121.95626909177358,32249.0,CISO,county served by one grid region,24.8
01344376232,campus,NTT Silicon Valley data center campus,,Santa Clara County,CA,06085,37.36897448736602,-121.95536447297926,143246.0,CISO,county served by one grid region,24.8
01351049826,building,DataBank Santa Clara SFO1,DataBank,Santa Clara County,CA,06085,37.40729868242747,-121.96595642250189,26781.0,CISO,county served by one grid region,24.8
01460847458,building,EdgeCore Silicon Valley,,Santa Clara County,CA,06085,37.38371826652648,-121.96538823847324,80443.0,CISO,county served by one grid region,24.8
01460855151,building,STACK SVY02,Stack Infrastructure,Santa Clara County,CA,06085,37.36193156366279,-121.95374429776638,136083.0,CISO,county served by one grid region,24.8
08238715059,point,STACK Infrastructure,"Stack Infrastructure, Incorporated",Santa Clara County,CA,06085,37.402744900000016,-121.891051,,CISO,county served by one grid region,24.8
08238715061,point,STACK Infrastructure,"Stack Infrastructure, Incorporated",Santa Clara County,CA,06085,37.40263410000001,-121.891057,,CISO,county served by one grid region,24.8
08897151054,point,San Jose Colocation Center,CoreSite,Santa Clara County,CA,06085,37.3341181,-121.891646,,CISO,county served by one grid region,24.8
12437277166,point,Prime Santa Clara,Prime,Santa Clara County,CA,06085,37.3666621,-121.96286529999999,,CISO,county served by one grid region,24.8
12550746951,point,"Forescout Technologies, Inc.",,Santa Clara County,CA,06085,37.322867500000015,-121.9474176,,CISO,county served by one grid region,24.8
00780063735,building,PG&E Datacenter,,Solano County,CA,06095,38.24625878204932,-122.06720998673869,55270.0,CISO,county served by one grid region,24.8
01296163129,building,Modesto Junior College West Data Center,Yosemite Community College District,Stanislaus County,CA,06099,37.66514737401328,-121.04003747175075,6017.0,TIDC,county served by one grid region,95.4
00426586135,building,Google - Thornton,Google,Adams County,CO,08001,39.922418557554764,-104.98324467111505,86059.0,,"not assigned: county is served by PSCO, WACM",
00200989527,building,Xfinity/Comcast Data Center,,Arapahoe County,CO,08005,39.588307279176874,-104.83243481918149,51338.0,,"not assigned: county is served by PSCO, WACM",
00292506449,building,,,Arapahoe County,CO,08005,39.59013144249605,-104.84696328231581,108473.0,,"not assigned: county is served by PSCO, WACM",
00292506452,building,zColo by Zayo,,Arapahoe County,CO,08005,39.591351747526645,-104.84703864109652,62177.0,,"not assigned: county is served by PSCO, WACM",
00453969917,building,Time Warner Datacenter,,Arapahoe County,CO,08005,39.5989600863557,-104.8603774822199,33804.0,,"not assigned: county is served by PSCO, WACM",
00453969923,building,Time Warner Datacenter,,Arapahoe County,CO,08005,39.59993080115642,-104.86018232055083,61435.0,,"not assigned: county is served by PSCO, WACM",
00465530450,building,Verizon,Verizon,Arapahoe County,CO,08005,39.58924804995954,-104.87793294999813,8059.0,,"not assigned: county is served by PSCO, WACM",
00916046040,building,,,Arapahoe County,CO,08005,39.729478071116986,-104.71275427482882,184275.0,,"not assigned: county is served by PSCO, WACM",
11400893880,point,Flexential - Denver - Centennial Data Center,Flexential,Arapahoe County,CO,08005,39.59387330000001,-104.8431597,,,"not assigned: county is served by PSCO, WACM",
12112270180,point,Flexential - Denver - Aurora,Flexential,Arapahoe County,CO,08005,39.66104880000002,-104.8488321,,,"not assigned: county is served by PSCO, WACM",
00845775548,building,JPMorgan Chase,JPMorgan Chase,Broomfield County,CO,08014,39.98908743748672,-105.02070322444693,188160.0,WACM,county served by one grid region,95.0
00052958203,building,Pearl Plaza Office Building,,Denver County,CO,08031,39.74523035286353,-104.97933224935198,48787.0,,not found: no utility to grid record for this county,
00089784186,building,Insurance Exchange Building,,Denver County,CO,08031,39.74557178496544,-104.99569107454519,19807.0,,not found: no utility to grid record for this county,
12112236372,point,Flexential Denver - Downtown,Flexential,Denver County,CO,08031,39.74597020000002,-104.9941589,,,not found: no utility to grid record for this county,
00377545385,building,Flexential Denver - Englewood,Flexential,Douglas County,CO,08035,39.55897087407264,-104.83755343632711,198772.0,,"not assigned: county is served by PSCO, WACM",
00778989332,building,,,Douglas County,CO,08035,39.55907170105136,-104.83358763919367,28132.0,,"not assigned: county is served by PSCO, WACM",
00400540223,building,Walmart Colorado Data Center,Walmart,El Paso County,CO,08041,38.98574620589175,-104.78726998003246,219542.0,,"not assigned: county is served by PSCO, WACM",
00476609221,building,,,El Paso County,CO,08041,38.80265970986479,-104.52196604272531,42627.0,,"not assigned: county is served by PSCO, WACM",
00813532303,building,SAP COS02,SAP,El Paso County,CO,08041,38.98888835974735,-104.78638139764935,47705.0,,"not assigned: county is served by PSCO, WACM",
01083841125,building,T5@Colorado Springs,,El Paso County,CO,08041,38.78617187499131,-104.7885349003077,74307.0,,"not assigned: county is served by PSCO, WACM",
08767284091,point,Ergonomic Group,,Capitol Planning Region,CT,09110,41.7070776,-72.5898636,,,not found: no utility to grid record for this county,
00122665255,building,Digital Realty New York HVN10,Digital Realty,Greater Bridgeport Planning Region,CT,09120,41.24084597137587,-73.14729941546844,134982.0,,not found: no utility to grid record for this county,
00959969621,building,,,South Central Connecticut Planning Region,CT,09170,41.47880657858901,-72.80100588134881,53967.0,,not found: no utility to grid record for this county,
00571010571,building,CyrusOne Norwalk,CyrusOne,Western Connecticut Planning Region,CT,09190,41.11309235035119,-73.38864944847491,77778.0,,not found: no utility to grid record for this county,
00878795698,building,amnet Data Center,,Western Connecticut Planning Region,CT,09190,41.09183280598617,-73.51671558521066,10526.0,,not found: no utility to grid record for this county,
00751881301,point,CoreSite DC1,CoreSite,District of Columbia,DC,11001,38.902887900000046,-77.0291491,,,not found: no utility to grid record for this county,
00429782814,building,UF Research Computing Center,University of Florida,Alachua County,FL,12001,29.672591133291224,-82.29992999372256,36370.0,,"not assigned: county is served by FPC, GVL, SEC",
08017899486,point,HiPerGator,University of Florida,Alachua County,FL,12001,29.672818699999958,-82.2997617,,,"not assigned: county is served by FPC, GVL, SEC",
00741629998,building,Flexential Fort Lauderdale,Flexential,Broward County,FL,12011,26.190085718944182,-80.19329665075328,73580.0,,not found: no utility to grid record for this county,
01017518460,building,T-Mobile Everglades MSO Data Center,,Broward County,FL,12011,26.184996941375054,-80.28691594165383,49233.0,,not found: no utility to grid record for this county,
00497151852,building,Cologix Jacksonville JAX1,,Duval County,FL,12031,30.331429818851134,-81.66242566977944,30201.0,,"not assigned: county is served by FPL, JEA, SEC",
12112266917,point,Flexential Jacksonville,Flexential,Duval County,FL,12031,30.245748200000005,-81.5817226,,,"not assigned: county is served by FPL, JEA, SEC",
00523886201,building,Cyxtera Tampa TP1,Cyxtera,Hillsborough County,FL,12057,27.94553184264413,-82.35116156727058,97332.0,,"not assigned: county is served by FPC, SEC, TEC",
01085608797,building,Flexential Tampa - North,Flexential,Hillsborough County,FL,12057,28.07385598681517,-82.3683379069368,30643.0,,"not assigned: county is served by FPC, SEC, TEC",
12112380995,point,Flexential Tampa - West,Flexential,Hillsborough County,FL,12057,28.037299100000027,-82.5399781,,,"not assigned: county is served by FPC, SEC, TEC",
00435518280,building,NAP of the Americas,,Miami-Dade County,FL,12086,25.782378977030266,-80.19307541186281,122625.0,HST,county served by one grid region,100.0
00435531451,building,,,Miami-Dade County,FL,12086,25.79754440402661,-80.230033722435,15911.0,HST,county served by one grid region,100.0
03406467087,point,NocRoom Miami IT Services,,Miami-Dade County,FL,12086,25.791545299999996,-80.3177484,,HST,county served by one grid region,100.0
03406476814,point,NocRoom Miami IT Services,,Miami-Dade County,FL,12086,25.646561700000035,-80.42343460000001,,HST,county served by one grid region,100.0
00609126465,building,,,Orange County,FL,12095,28.61746822748528,-81.39343863284896,107548.0,FPC,county served by one grid region,100.0
00958728802,building,E-Foam,,Orange County,FL,12095,28.577943298712636,-81.56454528552736,8403.0,FPC,county served by one grid region,100.0
01034230196,building,,,Polk County,FL,12105,28.29407690335012,-81.83484809231037,22578.0,,"not assigned: county is served by FMPP, FPC, FPL, SEC, TEC",
00284044002,building,DataSite Atlanta,datasite,Cobb County,GA,13067,33.92551125989177,-84.48161598883719,77660.0,SOCO,county served by one grid region,97.9
00545704217,building,,,Cobb County,GA,13067,34.0707036329806,-84.67590752731094,18558.0,SOCO,county served by one grid region,97.9
00975064000,building,Digital Realty Atlanta ATL11,Digital Realty,Cobb County,GA,13067,33.746561602113815,-84.57973805393436,313479.0,SOCO,county served by one grid region,97.9
00578435601,campus,Google Datacenter - Douglas County,Google,Douglas County,GA,13097,33.7505902365265,-84.58522343651347,2608502.0,SOCO,county served by one grid region,97.9
00713410334,building,Centersquare Atlanta ATL1,,Douglas County,GA,13097,33.74422840992556,-84.58121647346032,249314.0,SOCO,county served by one grid region,97.9
00975064000,building,Digital Realty Atlanta ATL11,Digital Realty,Douglas County,GA,13097,33.746561602113815,-84.57973805393436,313479.0,SOCO,county served by one grid region,97.9
00975064004,building,Switch Data Center,Switch,Douglas County,GA,13097,33.75502503782062,-84.58726858074978,171499.0,SOCO,county served by one grid region,97.9
01097502168,building,Flexential Atlanta - Douglasville 1,Flexential,Douglas County,GA,13097,33.73105742976977,-84.61608084611743,213895.0,SOCO,county served by one grid region,97.9
01258702591,building,Flexential Atlanta - Douglasville 2,Flexential,Douglas County,GA,13097,33.73070271823669,-84.61123970385259,311176.0,SOCO,county served by one grid region,97.9
01472128597,building,QTS,Quality Technology Services,Fayette County,GA,13113,33.44836060805451,-84.52265191627977,227238.0,SOCO,county served by one grid region,97.9
01472128598,building,QTS,Quality Technology Services,Fayette County,GA,13113,33.450931799506705,-84.52361886278894,340589.0,SOCO,county served by one grid region,97.9
01282332209,building,UPS Data Center,,Forsyth County,GA,13117,34.10338317620051,-84.2149739266172,173693.0,SOCO,county served by one grid region,97.9
00034770750,campus,Hewlett-Packard,,Fulton County,GA,13121,34.0822260639216,-84.26744994290632,1294301.0,SOCO,county served by one grid region,97.9
00039083541,building,Strategic Datasphere,,Fulton County,GA,13121,34.09479739753544,-84.23569669904141,127487.0,SOCO,county served by one grid region,97.9
00039083797,building,Flexential Atlanta - Alpharetta Data Center,Flexential,Fulton County,GA,13121,34.08700522087238,-84.25175214535511,74814.0,SOCO,county served by one grid region,97.9
00039083830,building,Secure Data Center,,Fulton County,GA,13121,34.09370761226,-84.25087563127063,184012.0,SOCO,county served by one grid region,97.9
00269166415,building,Cox Data Center,,Fulton County,GA,13121,34.03620188757935,-84.31955321505815,127858.0,SOCO,county served by one grid region,97.9
00269847438,building,QTS Atlanta Data Center 1,Quality Technology Services,Fulton County,GA,13121,33.7776811736858,-84.42109985598158,719736.0,SOCO,county served by one grid region,97.9
00278560778,building,Digital Realty Data Center,Digital Realty,Fulton County,GA,13121,33.65703230386123,-84.41520253319351,128785.0,SOCO,county served by one grid region,97.9
00536784688,building,CenturyLink,,Fulton County,GA,13121,33.76514415943699,-84.38373631254974,23046.0,SOCO,county served by one grid region,97.9
00615593145,building,Mapletree Industrial,,Fulton County,GA,13121,34.09658361289754,-84.23739137243545,116842.0,SOCO,county served by one grid region,97.9
00635022480,campus,Ascent - Atlanta Data Center,Ascent,Fulton County,GA,13121,34.05713671179483,-84.27302456443608,595317.0,SOCO,county served by one grid region,97.9
00891031651,building,T5 Data Center,,Fulton County,GA,13121,34.07592247657671,-84.26431627074264,149055.0,SOCO,county served by one grid region,97.9
01007825570,building,QTS Atlanta Data Center 2,Quality Technology Services,Fulton County,GA,13121,33.77750521515184,-84.41955232430595,283307.0,SOCO,county served by one grid region,97.9
01012918195,campus,,,Fulton County,GA,13121,34.06098518875687,-84.27398204266025,174649.0,SOCO,county served by one grid region,97.9
04879481820,point,Google Fiber,Google,Fulton County,GA,13121,33.77156769999996,-84.3668585,,SOCO,county served by one grid region,97.9
08109664813,point,Atlanta ATL13,Digital Realty,Fulton County,GA,13121,33.755518599999995,-84.3914814,,SOCO,county served by one grid region,97.9
12331366645,point,CoreSite AT1,CoreSite,Fulton County,GA,13121,33.75598569999999,-84.3911712,,SOCO,county served by one grid region,97.9
00387378765,building,QTS Suwanee Data Center 1,Quality Technology Services,Gwinnett County,GA,13135,34.03538969563108,-84.06107488394335,310488.0,SOCO,county served by one grid region,97.9
00387379196,building,QTS Suwanee Data Center 2,Quality Technology Services,Gwinnett County,GA,13135,34.037098808167876,-84.0577034926908,360379.0,SOCO,county served by one grid region,97.9
00392324240,building,Flexential Atlanta - Norcross,Flexential,Gwinnett County,GA,13135,33.95476871472785,-84.19856192066597,32309.0,SOCO,county served by one grid region,97.9
01207052719,campus,QTS Suwanee,Quality Technology Services,Gwinnett County,GA,13135,34.03623058231168,-84.05926627312874,1452037.0,SOCO,county served by one grid region,97.9
00958153769,campus,DLI ONE,DLI ONE,Muscogee County,GA,13215,32.4980963034713,-84.88357121180205,420795.0,SOCO,county served by one grid region,97.9
00958153770,building,,,Muscogee County,GA,13215,32.49826721190269,-84.8835713174046,116660.0,SOCO,county served by one grid region,97.9
01054387470,campus,Meta Stanton Springs Data Center,Meta,Newton County,GA,13217,33.60076107577663,-83.70034219452744,9032398.0,SOCO,county served by one grid region,97.9
01054387471,building,,Meta,Newton County,GA,13217,33.6013709927818,-83.70541734238208,660258.0,SOCO,county served by one grid region,97.9
01070895993,building,,Meta,Newton County,GA,13217,33.60009367954904,-83.69683907912508,763506.0,SOCO,county served by one grid region,97.9
01070895994,building,,Meta,Newton County,GA,13217,33.59802145151715,-83.69501281261269,342886.0,SOCO,county served by one grid region,97.9
00438077632,building,Microsoft,Microsoft,Dallas County,IA,19049,41.540615955850996,-93.82494906980826,39146.0,MISO,county served by one grid region,91.3
00871745265,building,Microsoft,Microsoft,Dallas County,IA,19049,41.540709217348976,-93.82789533434017,220735.0,MISO,county served by one grid region,91.3
01075278061,building,Microsoft,Microsoft,Dallas County,IA,19049,41.5398138870052,-93.82631357913507,90065.0,MISO,county served by one grid region,91.3
01075278062,building,Microsoft,Microsoft,Dallas County,IA,19049,41.539670453163886,-93.82866540068237,80538.0,MISO,county served by one grid region,91.3
01173569101,building,Microsoft,Microsoft,Dallas County,IA,19049,41.534990295223466,-93.86344403715006,250486.0,MISO,county served by one grid region,91.3
01318322780,building,Apple,Apple,Dallas County,IA,19049,41.616851127761585,-93.92440196315309,313804.0,MISO,county served by one grid region,91.3
01375475071,building,Microsoft,Microsoft,Dallas County,IA,19049,41.53391629522377,-93.86343863715007,250490.0,MISO,county served by one grid region,91.3
01375475072,building,Microsoft,Microsoft,Dallas County,IA,19049,41.53283774495582,-93.86346169206517,250494.0,MISO,county served by one grid region,91.3
01375475073,building,Microsoft,Microsoft,Dallas County,IA,19049,41.53181414495484,-93.86344214206296,250498.0,MISO,county served by one grid region,91.3
00837139011,building,ForceAmp.com,,Johnson County,IA,19103,41.703998424478854,-91.58707810457734,2709.0,MISO,county served by one grid region,91.3
00830885779,campus,Project Osmium,Microsoft,Madison County,IA,19121,41.4982126945884,-93.78856494092211,3691114.0,MISO,county served by one grid region,91.3
00013924557,campus,Project Alluvion,Microsoft,Polk County,IA,19153,41.515966831711985,-93.71182964871085,11169421.0,MISO,county served by one grid region,91.3
00104082694,building,Aureon,,Polk County,IA,19153,41.58799896569892,-93.63100934776038,11253.0,MISO,county served by one grid region,91.3
00438078069,building,Facebook Altoona Data Center 1,Meta,Polk County,IA,19153,41.6642411277008,-93.51472775765038,315400.0,MISO,county served by one grid region,91.3
00438078070,building,Facebook Altoona Data Center 2,Meta,Polk County,IA,19153,41.66553719114288,-93.50817041153361,307370.0,MISO,county served by one grid region,91.3
00545730285,campus,Altoona Meta Data Center,Meta,Polk County,IA,19153,41.66969372876868,-93.51143854964342,26568553.0,MISO,county served by one grid region,91.3
00556564909,building,Facebook Altoona Data Center 3,Meta,Polk County,IA,19153,41.667071422446156,-93.50646556541807,377755.0,MISO,county served by one grid region,91.3
00788027103,building,Facebook Altoona Data Center 4,Meta,Polk County,IA,19153,41.66773731235317,-93.5163985612244,606958.0,MISO,county served by one grid region,91.3
00830881731,building,Microsoft,Microsoft,Polk County,IA,19153,41.51674074828143,-93.70254178906356,153956.0,MISO,county served by one grid region,91.3
00830881732,building,Microsoft,Microsoft,Polk County,IA,19153,41.51584274137181,-93.70251346931218,149149.0,MISO,county served by one grid region,91.3
00830881733,building,Microsoft,Microsoft,Polk County,IA,19153,41.5158179370744,-93.70630110395007,144428.0,MISO,county served by one grid region,91.3
00830881734,building,Microsoft,Microsoft,Polk County,IA,19153,41.51671171276783,-93.70635081713183,146482.0,MISO,county served by one grid region,91.3
00830881742,building,Microsoft,Microsoft,Polk County,IA,19153,41.51850163161288,-93.70633127239608,145134.0,MISO,county served by one grid region,91.3
00830881743,building,Microsoft,Microsoft,Polk County,IA,19153,41.517606606016116,-93.7063124996927,143145.0,MISO,county served by one grid region,91.3
00830881744,building,Microsoft,Microsoft,Polk County,IA,19153,41.51764119065465,-93.70249272354833,141016.0,MISO,county served by one grid region,91.3
00830881745,building,Microsoft,Microsoft,Polk County,IA,19153,41.51853822500233,-93.70252494893269,141225.0,MISO,county served by one grid region,91.3
00830931210,building,Facebook Altoona Data Center 5,Meta,Polk County,IA,19153,41.67117312225116,-93.51662854518422,628003.0,MISO,county served by one grid region,91.3
00944024849,building,,,Polk County,IA,19153,41.55808334363262,-93.52766189092017,6991.0,MISO,county served by one grid region,91.3
00944024851,building,,,Polk County,IA,19153,41.55813064318698,-93.52815685258032,16920.0,MISO,county served by one grid region,91.3
01202051225,building,Lightedge Des Moines 2,,Polk County,IA,19153,41.66679862807146,-93.45595524492184,56626.0,MISO,county served by one grid region,91.3
01227883682,building,Lightedge Des Moines 1,,Polk County,IA,19153,41.66765686470181,-93.45548176472273,30078.0,MISO,county served by one grid region,91.3
01253282103,building,Meta,Meta,Polk County,IA,19153,41.67557150002093,-93.50965654880697,493366.0,MISO,county served by one grid region,91.3
01253282104,building,Meta,Meta,Polk County,IA,19153,41.67582283535729,-93.50603124097204,601076.0,MISO,county served by one grid region,91.3
01368776076,building,,,Polk County,IA,19153,41.51586406763058,-93.72031237839327,263940.0,MISO,county served by one grid region,91.3
01368776077,building,,,Polk County,IA,19153,41.516863672550784,-93.71976722360252,248069.0,MISO,county served by one grid region,91.3
01454813845,building,,,Polk County,IA,19153,41.514853067630966,-93.72088557839349,263944.0,MISO,county served by one grid region,91.3
01454813846,building,,,Polk County,IA,19153,41.51388771763131,-93.72140957839251,263950.0,MISO,county served by one grid region,91.3
00191655977,building,,,Pottawattamie County,IA,19155,41.22148561735031,-95.86382197433595,227733.0,,"not assigned: county is served by MISO, SWPP",
00578438011,campus,Google,Google,Pottawattamie County,IA,19155,41.22165804807755,-95.86449775401766,2304742.0,,"not assigned: county is served by MISO, SWPP",
01073720208,building,Google,Google,Pottawattamie County,IA,19155,41.17734372844027,-95.80485695055478,76005.0,,"not assigned: county is served by MISO, SWPP",
01073720209,building,Google,Google,Pottawattamie County,IA,19155,41.17727415208592,-95.80637969473155,318940.0,,"not assigned: county is served by MISO, SWPP",
01073720210,building,Google,Google,Pottawattamie County,IA,19155,41.17745636098298,-95.8032146599412,258223.0,,"not assigned: county is served by MISO, SWPP",
01073720211,building,Google,Google,Pottawattamie County,IA,19155,41.17748290529598,-95.80096717468035,211543.0,,"not assigned: county is served by MISO, SWPP",
01073720212,building,Google,Google,Pottawattamie County,IA,19155,41.175540121144294,-95.80676284722783,131491.0,,"not assigned: county is served by MISO, SWPP",
01073720213,building,Google,Google,Pottawattamie County,IA,19155,41.17554005850446,-95.80565239909376,129827.0,,"not assigned: county is served by MISO, SWPP",
01073720214,building,Google,Google,Pottawattamie County,IA,19155,41.17554283490945,-95.80449329746104,132118.0,,"not assigned: county is served by MISO, SWPP",
01073720215,building,Google,Google,Pottawattamie County,IA,19155,41.175543648575314,-95.8033895382722,132254.0,,"not assigned: county is served by MISO, SWPP",
01073720216,building,Google,Google,Pottawattamie County,IA,19155,41.175547389125526,-95.80222393205067,130820.0,,"not assigned: county is served by MISO, SWPP",
01073720217,building,Google,Google,Pottawattamie County,IA,19155,41.175545298097475,-95.80111944856117,129628.0,,"not assigned: county is served by MISO, SWPP",
01073720218,building,Google,Google,Pottawattamie County,IA,19155,41.17555376295006,-95.79994803209584,134444.0,,"not assigned: county is served by MISO, SWPP",
01073720219,building,Google,Google,Pottawattamie County,IA,19155,41.1726347246986,-95.80402364214318,174264.0,,"not assigned: county is served by MISO, SWPP",
01073720220,building,Google,Google,Pottawattamie County,IA,19155,41.172640078023726,-95.80252143647043,174583.0,,"not assigned: county is served by MISO, SWPP",
01073720221,building,Google,Google,Pottawattamie County,IA,19155,41.17261142832355,-95.8011477197886,158241.0,,"not assigned: county is served by MISO, SWPP",
01226436454,building,,,Pottawattamie County,IA,19155,41.21209899075678,-95.87791366422857,117949.0,,"not assigned: county is served by MISO, SWPP",
01226436457,campus,CyrusOne OCB1 Council Bluffs,CyrusOne,Pottawattamie County,IA,19155,41.2122139766782,-95.87801936248775,382799.0,,"not assigned: county is served by MISO, SWPP",
01287260560,building,Google,Google,Pottawattamie County,IA,19155,41.17359488843065,-95.79220329121617,294718.0,,"not assigned: county is served by MISO, SWPP",
01287260561,building,Google,Google,Pottawattamie County,IA,19155,41.17359750472643,-95.78867836937772,296835.0,,"not assigned: county is served by MISO, SWPP",
00342664739,building,Geneseo Communications Inc,,Scott County,IA,19163,41.55026944582376,-90.482409225225,53983.0,MISO,county served by one grid region,91.3
00830885773,building,Microsoft,Microsoft,Warren County,IA,19181,41.49787064306023,-93.78703936226475,239270.0,MISO,county served by one grid region,91.3
00830885774,building,Microsoft,Microsoft,Warren County,IA,19181,41.49891302864557,-93.78707464281725,243678.0,MISO,county served by one grid region,91.3
00830885779,campus,Project Osmium,Microsoft,Warren County,IA,19181,41.4982126945884,-93.78856494092211,3691114.0,MISO,county served by one grid region,91.3
01075278060,building,Microsoft,Microsoft,Warren County,IA,19181,41.49683039481866,-93.78699632287525,242270.0,MISO,county served by one grid region,91.3
01318322071,building,Microsoft,Microsoft,Warren County,IA,19181,41.49580619609169,-93.78705539830351,247197.0,MISO,county served by one grid region,91.3
01318322073,building,Microsoft,Microsoft,Warren County,IA,19181,41.494749896092024,-93.7870205983035,247201.0,MISO,county served by one grid region,91.3
01178649864,campus,Meta Kuna Data Center,Meta,Ada County,ID,16001,43.4631412647369,-116.26750729921301,15951730.0,IPCO,county served by one grid region,1.4
01455915217,building,,,Ada County,ID,16001,43.46314906556169,-116.26822782648121,311564.0,IPCO,county served by one grid region,1.4
01455915218,building,,,Ada County,ID,16001,43.46334884091311,-116.27208493714188,374271.0,IPCO,county served by one grid region,1.4
00903642490,building,Family History Center,The Church of Jesus Christ of Latter-day Saints,Bear Lake County,ID,16007,42.317295842348535,-111.3042449169628,4081.0,,not found: no utility to grid record for this county,
00290101976,building,VentureData,,Madison County,ID,16065,43.825243232176796,-111.78209278694163,18269.0,BPAT,county served by one grid region,0.0
00138260136,building,NCSA Petascale Computing Facility,,Champaign County,IL,17019,40.09525910728646,-88.24203140069088,45620.0,,"not assigned: county is served by MISO, PJM",
00128499684,building,Digital Realty CH1,Digital Realty,Cook County,IL,17031,41.9942374288397,-87.96217216116061,469756.0,PJM,county served by one grid region,93.4
00149379943,building,Digital Realty ORD11,Digital Realty,Cook County,IL,17031,41.87429345515449,-87.6299544230129,9092.0,PJM,county served by one grid region,93.4
00152449872,building,Serverfarm CH1,Serverfarm,Cook County,IL,17031,41.87094383200688,-87.64014138667577,56419.0,PJM,county served by one grid region,93.4
00156520409,building,Lakeside Technology Center,,Cook County,IL,17031,41.85365260504632,-87.6183592533761,129156.0,PJM,county served by one grid region,93.4
00174242795,building,EdgeConneX CHI01,EdgeConneX,Cook County,IL,17031,42.00077520139855,-87.9507686963863,120191.0,PJM,county served by one grid region,93.4
00209786637,building,QTS Chicago,Quality Technology Services,Cook County,IL,17031,41.84218652884067,-87.66900814712955,267112.0,PJM,county served by one grid region,93.4
00210222970,building,Iron Mountain Data & Record Storage,Iron Mountain,Cook County,IL,17031,41.84879669155961,-87.64550983406528,106033.0,PJM,county served by one grid region,93.4
00377032058,building,EdgeConneX CHI02,EdgeConneX,Cook County,IL,17031,42.001494373393264,-87.95256335815348,64358.0,PJM,county served by one grid region,93.4
00377032061,building,Equinix Chicago CH3,Equinix,Cook County,IL,17031,42.001158707879654,-87.95521312428228,135800.0,PJM,county served by one grid region,93.4
00383545769,building,Skybox Chicago I,Skybox,Cook County,IL,17031,41.99366849754896,-87.9735185179455,174575.0,PJM,county served by one grid region,93.4
00409296605,building,Digital Realty Chicago ORD12,Digital Realty,Cook County,IL,17031,41.928378286120044,-87.85923594325138,90165.0,PJM,county served by one grid region,93.4
00578443547,building,Microsoft - Azure Datacenter,Microsoft,Cook County,IL,17031,41.923005619536646,-87.91824122484651,306766.0,PJM,county served by one grid region,93.4
00713428715,building,Digital Realty CH3,Digital Realty,Cook County,IL,17031,41.99439647260606,-87.96490377244766,348220.0,PJM,county served by one grid region,93.4
00713433204,building,Digital Realty CH2,Digital Realty,Cook County,IL,17031,41.994463823169475,-87.95773561339534,302974.0,PJM,county served by one grid region,93.4
00841813139,building,CoreSite Chicago Data Center (CH2),CoreSite,Cook County,IL,17031,41.86279831305618,-87.64130393635244,61773.0,PJM,county served by one grid region,93.4
00863162820,building,Stream Chicago II,Stream,Cook County,IL,17031,41.99912438131275,-87.95776458161538,215922.0,PJM,county served by one grid region,93.4
00863162822,building,STACK Chicago CHI01,Stack Infrastructure,Cook County,IL,17031,42.006843875852,-87.96519018575371,298471.0,PJM,county served by one grid region,93.4
00863162825,building,Stream Chicago I,Stream,Cook County,IL,17031,42.00260065820328,-87.95113481547399,120616.0,PJM,county served by one grid region,93.4
00998245264,campus,Microsoft Data Center - Hoffman Estates,,Cook County,IL,17031,42.07695198404611,-88.13389076420349,2105271.0,PJM,county served by one grid region,93.4
01217649348,building,Aligned Data Center - Chicago ORD-01,Aligned,Cook County,IL,17031,41.91398308559336,-87.91746545885744,194551.0,PJM,county served by one grid region,93.4
01217649350,building,Aligned Data Center - Chicago ORD-02,Aligned,Cook County,IL,17031,41.91296223024628,-87.91749234723224,111422.0,PJM,county served by one grid region,93.4
01219083552,building,,,Cook County,IL,17031,42.02314332706365,-87.97218622171744,110471.0,PJM,county served by one grid region,93.4
01219083554,building,T5 Chicago II,T5 Data Centers,Cook County,IL,17031,42.02304233326569,-87.97555687597257,163237.0,PJM,county served by one grid region,93.4
10537283366,point,Netrality,Netrality,Cook County,IL,17031,41.872881100000015,-87.63344,,PJM,county served by one grid region,93.4
10910879064,point,Digital Realty ORD10,Digital Realty,Cook County,IL,17031,41.853350700000014,-87.6183067,,PJM,county served by one grid region,93.4
10910879065,point,Centersquare Chicago Data Center - ORD1,Centersquare,Cook County,IL,17031,41.85338270000003,-87.6186071,,PJM,county served by one grid region,93.4
10945121336,point,West Monroe,,Cook County,IL,17031,41.8805271,-87.6359383,,PJM,county served by one grid region,93.4
11098469355,point,CoreSite Chicago Data Center (CH1),CoreSite,Cook County,IL,17031,41.875940500000006,-87.6314655,,PJM,county served by one grid region,93.4
12695496267,point,Equinix Chicago Data Center - CH1,Equinix,Cook County,IL,17031,41.853557800000004,-87.6180475,,PJM,county served by one grid region,93.4
01019770124,campus,DeKalb Meta Data Center,Meta Platforms,DeKalb County,IL,17037,41.889040347505414,-88.72856898056978,12793294.0,PJM,county served by one grid region,93.4
01312792611,building,,Meta,DeKalb County,IL,17037,41.88853040860736,-88.72185807435966,568454.0,PJM,county served by one grid region,93.4
01312792612,building,,Meta,DeKalb County,IL,17037,41.88928381978822,-88.73105377072714,568442.0,PJM,county served by one grid region,93.4
01312792613,building,,Meta,DeKalb County,IL,17037,41.89027497092366,-88.72635519613044,320184.0,PJM,county served by one grid region,93.4
00124088810,building,Lincoln Rackhouse,,DuPage County,IL,17043,41.77216480463177,-88.21709086831733,70123.0,PJM,county served by one grid region,93.4
00199252950,building,CyrusOne Chicago Aurora CME,CyrusOne,DuPage County,IL,17043,41.796710709040994,-88.24360276085451,483103.0,PJM,county served by one grid region,93.4
00243242167,building,Equinix Chicago Data CH7,Equinix,DuPage County,IL,17043,41.812557111453394,-87.9728434935898,47336.0,PJM,county served by one grid region,93.4
00343593591,building,,,DuPage County,IL,17043,41.90535458903981,-88.21951394141162,14550.0,PJM,county served by one grid region,93.4
00377212693,building,Element Critical CH2,Element Critical,DuPage County,IL,17043,41.97422731222964,-87.9671757623118,44358.0,PJM,county served by one grid region,93.4
00377345296,building,Centersquare Elk Grove Village Data Center Campus ORD2,Centersquare,DuPage County,IL,17043,41.992040415356676,-87.95817200961845,198323.0,PJM,county served by one grid region,93.4
00384690290,building,Element Critical CH1,Element Critical,DuPage County,IL,17043,41.97576175006559,-87.96468543810447,92076.0,PJM,county served by one grid region,93.4
00530024353,building,Centersquare Lisle ORD4 Data Center,Centersquare,DuPage County,IL,17043,41.80234062646393,-88.09488558888414,361205.0,PJM,county served by one grid region,93.4
01154349280,building,Datacenter (386),UChicago Argonne LLC,DuPage County,IL,17043,41.707134165979966,-87.97595597595401,12413.0,PJM,county served by one grid region,93.4
01154636644,building,NTT Chicago CH1,NTT,DuPage County,IL,17043,41.98791937605658,-88.00726495418601,113535.0,PJM,county served by one grid region,93.4
01271571726,building,NTT Chicago CH2,NTT,DuPage County,IL,17043,41.98896681192547,-88.00725702699874,115555.0,PJM,county served by one grid region,93.4
01426146790,building,,,DuPage County,IL,17043,41.795384289880126,-88.2469228118375,169253.0,PJM,county served by one grid region,93.4
01446350367,building,NTT Chicago CH3,NTT,DuPage County,IL,17043,41.98691359199497,-88.00800375413563,83897.0,PJM,county served by one grid region,93.4
01446350370,building,NTT Chicago CH4,NTT,DuPage County,IL,17043,41.98909513231781,-88.00476482597362,101346.0,PJM,county served by one grid region,93.4
00317466755,building,VISA,VISA,Lake County,IL,17097,42.216756536018735,-87.95284650862307,55001.0,PJM,county served by one grid region,93.4
01133944585,building,,,Madison County,IL,17119,38.81056014127996,-89.94870327621621,204.0,MISO,county served by one grid region,91.3
00349925359,building,,Verizon Wireless,Hancock County,IN,18059,39.71718414793671,-85.94132960161893,21005.0,MISO,county served by one grid region,91.3
00978934687,building,Digital Crossroad,Digital Crossroad,Lake County,IN,18089,41.707418451036666,-87.52019308155617,116014.0,MISO,county served by one grid region,91.3
00203432103,building,IU Data Center,Indiana University,Monroe County,IN,18105,39.17441904078126,-86.50070264503239,94298.0,MISO,county served by one grid region,91.3
07264976228,point,Learning GIS!,,Tippecanoe County,IN,18157,40.42178999999997,-86.9141546,,MISO,county served by one grid region,91.3
07264976991,point,Agricultural and Biological Engineering,,Tippecanoe County,IN,18157,40.4218543,-86.9165454,,MISO,county served by one grid region,91.3
00581234765,building,Cloud Storage Corp,,Ellis County,KS,20051,38.87213220021316,-99.30018745000542,11561.0,SWPP,county served by one grid region,55.4
00502927599,building,Data Center Lenexa,,Johnson County,KS,20091,38.92517007028676,-94.77028959106379,44552.0,SWPP,county served by one grid region,55.4
00598261190,building,State Farm Data Center,,Johnson County,KS,20091,38.94011284438559,-94.86768784080611,198601.0,SWPP,county served by one grid region,55.4
00598263496,building,U.S. Bank National Data Process Center,,Johnson County,KS,20091,38.93564309846072,-94.8644712263048,162098.0,SWPP,county served by one grid region,55.4
00880052062,building,,TierPoint,Johnson County,KS,20091,38.94066934722939,-94.75523183735761,58095.0,SWPP,county served by one grid region,55.4
01024384322,building,,,Johnson County,KS,20091,38.926805991335975,-94.7683727731216,4912.0,SWPP,county served by one grid region,55.4
01392657385,building,,,Johnson County,KS,20091,38.939199687290184,-94.86018510466296,86525.0,SWPP,county served by one grid region,55.4
01456953254,building,East Kentucky Network Datacenter,,Floyd County,KY,21071,37.600176716138854,-82.67876276810777,15594.0,PJM,county served by one grid region,93.4
01254161871,campus,Dynamics Mining,,Hopkins County,KY,21107,37.362990903258414,-87.54712130515388,442423.0,,"not assigned: county is served by LGEE, MISO",
00329551673,building,Flexential Louisville - East,Flexential,Jefferson County,KY,21111,38.277197827679295,-85.50724111669626,34794.0,,"not assigned: county is served by LGEE, PJM",
00330276516,building,Flexential Louisville - Downtown,Flexential,Jefferson County,KY,21111,38.24249601378566,-85.73335104065765,36525.0,,"not assigned: county is served by LGEE, PJM",
01450788161,campus,Riot Kentucky,,McCracken County,KY,21145,37.08923909811934,-88.70305756107939,223516.0,,"not assigned: county is served by LGEE, MISO, TVA",
03468203102,point,Center for Computation & Technology (CCT),,East Baton Rouge Parish,LA,22033,30.407445999999975,-91.1725454,,MISO,county served by one grid region,91.3
00211832626,building,,TierPoint,Essex County,MA,25009,42.68570898649228,-71.20859932011268,51354.0,ISNE,county served by one grid region,80.5
00029827954,building,CoreSite BO1,,Middlesex County,MA,25017,42.37670588382176,-71.07975761756323,133960.0,ISNE,county served by one grid region,80.5
00214321737,building,Markley Data Center,Markley Group,Middlesex County,MA,25017,42.6302619946922,-71.30442370850213,123665.0,ISNE,county served by one grid region,80.5
00016282459,building,CyberNAP Glen Burnie,AiNET,Anne Arundel County,MD,24003,39.14024170717737,-76.60643112453295,89879.0,PJM,county served by one grid region,93.4
00610845529,building,TierPoint Baltimore BWI,,Anne Arundel County,MD,24003,39.213451704107996,-76.6828450662765,33372.0,PJM,county served by one grid region,93.4
11167641842,point,Expedient Owings Mills,Expedient,Baltimore County,MD,24005,39.427317800000004,-76.8115503,,,not found: no utility to grid record for this county,
00336387583,building,Baltimore Technology Park,,Baltimore city,MD,24510,39.27538391165092,-76.62552663391303,30131.0,PJM,county served by one grid region,93.4
00931369845,building,Johns Hopkins Data Center,,Baltimore city,MD,24510,39.29355879768687,-76.55173790938491,3880.0,PJM,county served by one grid region,93.4
09669340912,point,Crown Castle Baltimore,Crown Castle Fiber,Baltimore city,MD,24510,39.28770169999999,-76.6064893,,PJM,county served by one grid region,93.4
09669405859,point,AiNET One Market Center,AiNET,Baltimore city,MD,24510,39.29175829999999,-76.6203737,,PJM,county served by one grid region,93.4
11168593074,point,Lumen Baltimore,Lumen Technologies,Baltimore city,MD,24510,39.29175920000002,-76.6204024,,PJM,county served by one grid region,93.4
11168593094,point,Expedient Tidepoint,Expedient,Baltimore city,MD,24510,39.2746554,-76.5916709,,PJM,county served by one grid region,93.4
00178331621,building,,,Frederick County,MD,24021,39.377776311443,-77.41151850611422,64023.0,PJM,county served by one grid region,93.4
01143804764,building,,,Howard County,MD,24027,39.13368478590359,-76.85140715035047,112205.0,PJM,county served by one grid region,93.4
00093210344,building,Lincoln Rackhouse Maryland,Lincoln Rackhouse,Montgomery County,MD,24031,39.05856287562289,-76.9643217094945,146301.0,PJM,county served by one grid region,93.4
00363017375,building,AiNET,,Prince George's County,MD,24033,39.052822508078144,-76.92590821703205,43057.0,PJM,county served by one grid region,93.4
00667796922,building,Oxford Networks,FirstLight,Cumberland County,ME,23005,43.895071082625066,-69.92315054547124,55383.0,ISNE,county served by one grid region,80.5
07171975407,point,FirstLight Data Center,FirstLight,Cumberland County,ME,23005,43.657838799999986,-70.26137850000002,,ISNE,county served by one grid region,80.5
00544536822,building,Liquid Web,,Eaton County,MI,26045,42.687951324568324,-84.64299464110024,23079.0,MISO,county served by one grid region,91.3
00545060574,building,"Liquid Web, Inc",,Eaton County,MI,26045,42.70539040001097,-84.66608910001226,72843.0,MISO,county served by one grid region,91.3
00755540694,building,,,Genesee County,MI,26049,42.968713165412495,-83.77960216531768,36835.0,MISO,county served by one grid region,91.3
08641856300,point,Chick-fil-A Hiring Center,Dennis Sampier,Macomb County,MI,26099,42.62794240000004,-82.98839390000002,,MISO,county served by one grid region,91.3
11815482844,point,,,Monroe County,MI,26115,41.807281700000004,-83.6276287,,,"not assigned: county is served by MISO, PJM",
00377585075,building,EdgeConneX Detroit DET01,EdgeConneX,Oakland County,MI,26125,42.447696914234804,-83.26266713633784,40574.0,MISO,county served by one grid region,91.3
00071187940,building,,Verizon Wireless,Wayne County,MI,26163,42.32626638236376,-83.07698605760793,24933.0,MISO,county served by one grid region,91.3
00773848531,building,,US Signal,Wayne County,MI,26163,42.23532661902879,-83.44414059814616,24599.0,MISO,county served by one grid region,91.3
00812630939,building,Comcast,Comcast,Wayne County,MI,26163,42.21390200001323,-83.19821400000001,953.0,MISO,county served by one grid region,91.3
00903236619,building,,Quicken Loans,Wayne County,MI,26163,42.32617958756391,-83.06975885855375,46220.0,MISO,county served by one grid region,91.3
01391966326,building,Encompass Minneapolis Facility,Encompass,Anoka County,MN,27003,45.13219704691406,-93.09562181940242,74101.0,MISO,county served by one grid region,91.3
00052227492,building,Flexential Minneapolis - Chaska,Flexential,Carver County,MN,27019,44.851592871190945,-93.59883127427163,135505.0,MISO,county served by one grid region,91.3
01333289545,campus,Meta Rosemount Data Center,Meta,Dakota County,MN,27037,44.73502983558099,-93.06262672085373,10334558.0,MISO,county served by one grid region,91.3
01454573842,building,,,Dakota County,MN,27037,44.7347589273926,-93.06186047500412,328419.0,MISO,county served by one grid region,91.3
01454573843,building,,,Dakota County,MN,27037,44.734508305632374,-93.06488082739824,273743.0,MISO,county served by one grid region,91.3
00045448535,building,,,Hennepin County,MN,27053,44.99145768142225,-93.28029157225949,51180.0,MISO,county served by one grid region,91.3
00063619642,building,Minnesota Gateway Data Center,,Hennepin County,MN,27053,44.97130185223087,-93.25465186805063,87697.0,MISO,county served by one grid region,91.3
01343100173,building,DataBank,,Hennepin County,MN,27053,45.14371136905177,-93.38712828955705,114648.0,MISO,county served by one grid region,91.3
00718465287,building,Epic / Mayo Data Center,,Olmsted County,MN,27109,44.07081644375691,-92.52212055150673,48317.0,MISO,county served by one grid region,91.3
00131874718,building,H5 Minneapolis,H5,Ramsey County,MN,27123,44.97225309779238,-93.14746015507276,108201.0,MISO,county served by one grid region,91.3
01307072785,building,Ark Duluth Data Center,,St. Louis County,MN,27137,46.82746658999977,-92.13043071418325,27162.0,MISO,county served by one grid region,91.3
00553884511,building,Carfax,,Boone County,MO,29019,38.9235119701765,-92.28862384290709,39487.0,,"not assigned: county is served by AECI, MISO",
01371348227,building,CenturyLink,,Caldwell County,MO,29025,39.74404823646494,-93.9973760190651,1433.0,AECI,county served by one grid region,100.0
01126774147,campus,Meta Kansas City Data Center,Meta,Clay County,MO,29047,39.32235240495545,-94.59555838490552,13516765.0,,"not assigned: county is served by AECI, SWPP",
01184066765,building,Meta Data Center,Meta,Clay County,MO,29047,39.322650867796824,-94.59806356908611,615937.0,,"not assigned: county is served by AECI, SWPP",
01433936352,building,,,Clay County,MO,29047,39.32263663463124,-94.59492397885744,307414.0,,"not assigned: county is served by AECI, SWPP",
09861806598,point,,,Jackson County,MO,29095,39.101181600000075,-94.57882090000001,,,"not assigned: county is served by AECI, SWPP",
09922928085,point,Netrality Data Centers,,Jackson County,MO,29095,39.10090709999998,-94.5811452,,,"not assigned: county is served by AECI, SWPP",
00195165330,building,,,Platte County,MO,29165,39.2906006524332,-94.67586457208311,59078.0,,"not assigned: county is served by AECI, SWPP",
00195165354,building,,,Platte County,MO,29165,39.29565786992253,-94.67347189936218,240121.0,,"not assigned: county is served by AECI, SWPP",
00195165374,building,Black Rock Financial Management,,Platte County,MO,29165,39.295491746601805,-94.67802527416188,80025.0,,"not assigned: county is served by AECI, SWPP",
00195169261,building,,,Platte County,MO,29165,39.30240570006526,-94.68479180000348,51140.0,,"not assigned: county is served by AECI, SWPP",
00288909509,building,,,Platte County,MO,29165,39.290121050497966,-94.68505095083452,30923.0,,"not assigned: county is served by AECI, SWPP",
01126774147,campus,Meta Kansas City Data Center,Meta,Platte County,MO,29165,39.32235240495545,-94.59555838490552,13516765.0,,"not assigned: county is served by AECI, SWPP",
00042323063,building,Netrality Data Centers,,St. Louis city,MO,29510,38.62926158352849,-90.197174834978,23093.0,MISO,county served by one grid region,91.3
00253682978,building,TierPoint,,St. Louis city,MO,29510,38.62976100794761,-90.1964202669285,24039.0,MISO,county served by one grid region,91.3
00617511179,building,Genome Data Center,Washington University in St. Louis,St. Louis city,MO,29510,38.63656882805553,-90.25539338967405,24519.0,MISO,county served by one grid region,91.3
01077131079,building,xAI Macrohardrr,xAI,DeSoto County,MS,28033,34.99348804291279,-90.03416995691286,812955.0,MISO,county served by one grid region,91.3
01459880367,campus,Amazon Canton Data Center,,Madison County,MS,28089,32.597993067055405,-90.0918524305196,16581378.0,MISO,county served by one grid region,91.3
01417637306,building,State of Montana Data Center,State of Montana,Custer County,MT,30017,46.40689745786043,-105.82064474453561,8493.0,,"not assigned: county is served by NWMT, SWPP, WAUW",
00758426349,building,,,Granite County,MT,30039,46.33213162016486,-113.29267194552415,1510.0,BPAT,county served by one grid region,0.0
00009474864,campus,Google Data Center,Google,Caldwell County,NC,37027,35.89473769568106,-81.54651452543965,3407194.0,DUK,county served by one grid region,17.2
00014593270,campus,Apple - Maiden Data Center,,Catawba County,NC,37035,35.588771360781784,-81.26180877040838,5431080.0,DUK,county served by one grid region,17.2
00116005354,building,,,Catawba County,NC,37035,35.588012637841835,-81.26252687782907,564402.0,DUK,county served by one grid region,17.2
00652034566,building,,,Catawba County,NC,37035,35.58705991324804,-81.26027296867808,207083.0,DUK,county served by one grid region,17.2
00873137563,building,,,Catawba County,NC,37035,35.5903923643093,-81.26456965310366,203410.0,DUK,county served by one grid region,17.2
00715098032,campus,T5 Charlotte Campus,,Cleveland County,NC,37045,35.25044990396285,-81.3950094307914,379990.0,DUK,county served by one grid region,17.2
07324132050,point,Windstream Communications,,Durham County,NC,37063,35.88139699999996,-78.851552,,,"not assigned: county is served by CPLE, DUK",
07324132051,point,Level 3 Communications,,Durham County,NC,37063,35.88136400000003,-78.8515726,,,"not assigned: county is served by CPLE, DUK",
10567817971,point,Brandaleone Lab for Data and Visualization,Duke Libraries,Durham County,NC,37063,36.00309929999997,-78.9385323,,,"not assigned: county is served by CPLE, DUK",
00215630401,building,Flexential Charlotte - South,Flexential,Mecklenburg County,NC,37119,35.13543064967395,-80.93687158006364,33741.0,DUK,county served by one grid region,17.2
00516686211,building,Spectrum Charlotte National Data Center,,Mecklenburg County,NC,37119,35.142789017171076,-80.91620847296733,93604.0,DUK,county served by one grid region,17.2
00838817907,building,TierPoint - Charlotte Data Center,TierPoint,Mecklenburg County,NC,37119,35.17319550189212,-80.9281209975006,61578.0,DUK,county served by one grid region,17.2
00838817943,building,SEGRA,,Mecklenburg County,NC,37119,35.180053426012265,-80.92635689076968,18094.0,DUK,county served by one grid region,17.2
01307920829,building,Flexential Charlotte - North,Flexential,Mecklenburg County,NC,37119,35.32975386752092,-80.76578188627896,62809.0,DUK,county served by one grid region,17.2
00460089167,building,Meta Forest City datacenter,Meta,Rutherford County,NC,37161,35.314231256978196,-81.82213877550394,241126.0,,"not assigned: county is served by CPLE, DUK",
00460089168,building,Meta Forest City datacenter,Meta,Rutherford County,NC,37161,35.31737236865609,-81.82632689449466,244176.0,,"not assigned: county is served by CPLE, DUK",
00883809860,building,Meta Forest City datacenter,Meta,Rutherford County,NC,37161,35.316554514924,-81.82513233085027,319829.0,,"not assigned: county is served by CPLE, DUK",
00883809862,campus,Facebook Forest City Data Center,Meta,Rutherford County,NC,37161,35.315698382784056,-81.82474729583835,4849510.0,,"not assigned: county is served by CPLE, DUK",
00923167491,campus,,,Union County,NC,37179,35.179383199219835,-80.57017464245234,608141.0,,"not assigned: county is served by CPLE, DUK",
00233888384,building,Segra Data Center,,Wake County,NC,37183,35.7249920936468,-78.66236321040674,46141.0,,"not assigned: county is served by CPLE, DUK",
00758278314,building,iGLASS Networks,,Wake County,NC,37183,35.76675058444294,-78.7839857849851,8134.0,,"not assigned: county is served by CPLE, DUK",
00830138727,building,BB&T Data Center,,Wake County,NC,37183,35.839325206702256,-78.32812683838715,143011.0,,"not assigned: county is served by CPLE, DUK",
12112361725,point,Flexential Raleigh,Flexential,Wake County,NC,37183,35.850528100000005,-78.8291431,,,"not assigned: county is served by CPLE, DUK",
00019390019,building,Dakota Carrier Network,,Cass County,ND,38017,46.81509687104177,-96.84432644156146,25931.0,MISO,county served by one grid region,91.3
01422191450,campus,Applied Digital / Ellendale Data Center,Applied Digital,Dickey County,ND,38021,46.013549459536904,-98.57244091744637,2706037.0,MISO,county served by one grid region,91.3
01092757323,campus,Compute North,,Buffalo County,NE,31019,40.72592346991134,-99.03832882211478,356125.0,SWPP,county served by one grid region,55.4
00166431620,building,"Union Pacific Jack Koraleski Technology, Research & Development Center",Union Pacific Railroad,Douglas County,NE,31055,41.31800464175668,-96.05034469682974,54386.0,SWPP,county served by one grid region,55.4
00256728809,building,,,Douglas County,NE,31055,41.26141936949243,-95.93649511237068,69219.0,SWPP,county served by one grid region,55.4
00405034574,building,Verizon,,Douglas County,NE,31055,41.33832138450139,-96.0277741269746,11836.0,SWPP,county served by one grid region,55.4
00405034584,building,Verizon,,Douglas County,NE,31055,41.33843614997797,-96.02861432583268,87375.0,SWPP,county served by one grid region,55.4
00607753694,building,,Verizon Wireless,Douglas County,NE,31055,41.22040844920032,-96.14761886051996,38873.0,SWPP,county served by one grid region,55.4
00818167571,building,1623 Farnam,News-Press & Gazette Company,Douglas County,NE,31055,41.25729103361583,-95.93784939082518,35689.0,SWPP,county served by one grid region,55.4
01339825480,campus,,,Douglas County,NE,31055,41.3425757499019,-96.09132616357905,21448981.0,SWPP,county served by one grid region,55.4
01422101108,building,Google,Google,Douglas County,NE,31055,41.339141584175756,-96.08466909067687,290161.0,SWPP,county served by one grid region,55.4
01422101112,building,Google,Google,Douglas County,NE,31055,41.34193880105854,-96.08771931019497,290130.0,SWPP,county served by one grid region,55.4
01422101116,building,Google,Google,Douglas County,NE,31055,41.345162392266765,-96.0935333091696,290105.0,SWPP,county served by one grid region,55.4
00421273622,building,Fidelity,Fidelity,Sarpy County,NE,31153,41.16546905416773,-96.08338762268534,40714.0,SWPP,county served by one grid region,55.4
00714941629,campus,Sarpy Meta Data Center,Meta,Sarpy County,NE,31153,41.121753730397295,-96.14372146857282,5922319.0,SWPP,county served by one grid region,55.4
00795853621,campus,Sarpy Meta Data Center,Meta,Sarpy County,NE,31153,41.12194722186616,-96.13364372425686,6242843.0,SWPP,county served by one grid region,55.4
00844394339,building,Meta Sarpy Data center,Meta,Sarpy County,NE,31153,41.12354217069119,-96.14419028998033,666382.0,SWPP,county served by one grid region,55.4
00844394340,building,Meta Sarpy Data center,Meta,Sarpy County,NE,31153,41.120731999310195,-96.14485433047682,515084.0,SWPP,county served by one grid region,55.4
00844394357,building,Google,Google,Sarpy County,NE,31153,41.13497469466853,-96.14672977480356,152487.0,SWPP,county served by one grid region,55.4
00942557184,building,Travelers Insurance,Travelers Insurance,Sarpy County,NE,31153,41.12784313945287,-96.14504543454542,182408.0,SWPP,county served by one grid region,55.4
01038780426,campus,Sarpy Meta Data Center,,Sarpy County,NE,31153,41.11410707210003,-96.14365637259768,7817408.0,SWPP,county served by one grid region,55.4
01235150788,building,Yahoo,Yahoo,Sarpy County,NE,31153,41.180499991010024,-96.08489874916177,237691.0,SWPP,county served by one grid region,55.4
01237493975,building,Google,Google,Sarpy County,NE,31153,41.13491995864724,-96.1440729015135,292941.0,SWPP,county served by one grid region,55.4
01237494981,building,Google,Google,Sarpy County,NE,31153,41.13439327581521,-96.15590606506956,297438.0,SWPP,county served by one grid region,55.4
01253282100,building,Meta Sarpy Data center,Meta,Sarpy County,NE,31153,41.123572980157554,-96.13289444072417,628560.0,SWPP,county served by one grid region,55.4
01253282101,building,Meta Sarpy Data center,Meta,Sarpy County,NE,31153,41.114329237977906,-96.1428365153122,625288.0,SWPP,county served by one grid region,55.4
01253282102,building,Meta Sarpy Data center,Meta,Sarpy County,NE,31153,41.11216327459793,-96.14155463388816,286253.0,SWPP,county served by one grid region,55.4
01312801354,building,Google,Google,Sarpy County,NE,31153,41.1379099302681,-96.15143114556095,297414.0,SWPP,county served by one grid region,55.4
00087058670,building,,FirstLight,Rockingham County,NH,33015,43.076119257829404,-70.80804278020655,9316.0,,not found: no utility to grid record for this county,
00589070714,building,Information Technology Data Center,Phillips Exeter Academy,Rockingham County,NH,33015,42.982091089771785,-70.9505927450425,7733.0,,not found: no utility to grid record for this county,
00079056848,building,,University of New Hampshire,Strafford County,NH,33017,43.14361852296161,-70.95247263069143,30553.0,,not found: no utility to grid record for this county,
00472761713,building,NYSE Data Center,nyse,Bergen County,NJ,34003,41.078302339181775,-74.15291807503208,200804.0,PJM,county served by one grid region,93.4
00387208881,building,165 Halsey / Equinix NY1 / Databank EWR1,Tishman,Essex County,NJ,34013,40.73672574708444,-74.17392520750958,89363.0,,not found: no utility to grid record for this county,
00452116337,building,BT Radianz: 492 River Road,bt,Essex County,NJ,34013,40.82145355154189,-74.13418574563293,107857.0,,not found: no utility to grid record for this county,
00607483487,building,,,Gloucester County,NJ,34015,39.83093011411571,-75.19532326682351,41058.0,,not found: no utility to grid record for this county,
00095782052,building,Equinix NY7 Data Center,Equinix,Hudson County,NJ,34017,40.79686366512243,-74.03114084308724,68650.0,,not found: no utility to grid record for this county,
00193611192,building,Equinix New York Secaucus NY5,Equinix,Hudson County,NJ,34017,40.77860177682814,-74.07230107005047,211455.0,,not found: no utility to grid record for this county,
00193611211,building,Equinix New York Secaucus NY4,Equinix,Hudson County,NJ,34017,40.77642808061452,-74.06977591206658,317271.0,,not found: no utility to grid record for this county,
00193611216,building,Equinix NY3,Equinix,Hudson County,NJ,34017,40.774852229978684,-74.06889005365075,274326.0,,not found: no utility to grid record for this county,
00193611219,building,Equinix New York Secaucus NY2,Equinix,Hudson County,NJ,34017,40.77741950863346,-74.07591693201753,402960.0,,not found: no utility to grid record for this county,
00193612533,building,Centersquare NYC3 Data Center,Centersquare,Hudson County,NJ,34017,40.786164392038,-74.06918218107636,143163.0,,not found: no utility to grid record for this county,
00279410762,building,Cyxtera (Digital Realty Trust) Citibank Data Center,Cyxtera,Hudson County,NJ,34017,40.76076492901499,-74.02575833881977,58356.0,,not found: no utility to grid record for this county,
00279410766,building,Digital Realty New Jersey EWR10,Digital Realty,Hudson County,NJ,34017,40.76183107982837,-74.0250249144998,126960.0,,not found: no utility to grid record for this county,
00354590432,building,,,Hudson County,NJ,34017,40.78473886879808,-74.06435818266343,34462.0,,not found: no utility to grid record for this county,
00451491797,building,,,Hudson County,NJ,34017,40.78413403768732,-74.06556019989502,150951.0,,not found: no utility to grid record for this county,
00451497833,building,Evocative Secaucus,Evocative,Hudson County,NJ,34017,40.787550185315126,-74.06804834898094,101304.0,,not found: no utility to grid record for this county,
00714139864,campus,Equinix,Equinix,Hudson County,NJ,34017,40.77506789883385,-74.0686769901749,535110.0,,not found: no utility to grid record for this county,
00714139865,building,Equinix Secaucus NY6,Equinix,Hudson County,NJ,34017,40.77751886890039,-74.07270033730751,70938.0,,not found: no utility to grid record for this county,
00714139868,campus,CoreSite Secaucus Campus,CoreSite,Hudson County,NJ,34017,40.78433424839382,-74.06526820534951,438062.0,,not found: no utility to grid record for this county,
01383916144,building,CoreSite NY3,CoreSite,Hudson County,NJ,34017,40.784903830537054,-74.06535725613013,39679.0,,not found: no utility to grid record for this county,
12471740457,point,H5 Secaucus,H5,Hudson County,NJ,34017,40.785394800000006,-74.0750122,,,not found: no utility to grid record for this county,
12708029111,point,501 West,,Mercer County,NJ,34021,40.315558000000024,-74.6688514,,,not found: no utility to grid record for this county,
00002744301,building,Verizon,,Middlesex County,NJ,34023,40.54425557630532,-74.49652096447575,105786.0,,not found: no utility to grid record for this county,
00187574082,building,Verizon Wireline Network Building,,Middlesex County,NJ,34023,40.49490313172346,-74.44309493368364,32247.0,,not found: no utility to grid record for this county,
00204316962,building,IO Datacenter,,Middlesex County,NJ,34023,40.520901338871916,-74.34731684357497,829908.0,,not found: no utility to grid record for this county,
00204460681,building,DataBank Piscataway EWR2,,Middlesex County,NJ,34023,40.54921344851484,-74.45820961832148,50646.0,,not found: no utility to grid record for this county,
00204460799,building,Optimum,,Middlesex County,NJ,34023,40.54682624136092,-74.49202896228643,68126.0,,not found: no utility to grid record for this county,
00204460812,building,Equinix,Equinix,Middlesex County,NJ,34023,40.544881931883474,-74.49538057530053,62331.0,,not found: no utility to grid record for this county,
00204460835,building,Barclays Datacenter,Barclays,Middlesex County,NJ,34023,40.5472442650833,-74.45973725576991,352286.0,,not found: no utility to grid record for this county,
00204460903,building,Digital Realty New York EWR12,Digital Realty,Middlesex County,NJ,34023,40.5529045023767,-74.45930065392976,302795.0,,not found: no utility to grid record for this county,
00204460950,building,Digital Realty New York EWR11,Digital Realty,Middlesex County,NJ,34023,40.55377882278532,-74.4571794816788,96114.0,,not found: no utility to grid record for this county,
00345650474,building,,,Middlesex County,NJ,34023,40.5528187281629,-74.45667583889342,61263.0,,not found: no utility to grid record for this county,
00362662493,building,QTS Piscataway Data Center,Quality Technology Services,Middlesex County,NJ,34023,40.55696486399719,-74.48400692707673,343444.0,,not found: no utility to grid record for this county,
00729376485,building,,,Middlesex County,NJ,34023,40.584343135171615,-74.24350729682128,159389.0,,not found: no utility to grid record for this county,
12452254071,point,Open Data Centers Piscataway,,Middlesex County,NJ,34023,40.55035010000003,-74.4568563,,,not found: no utility to grid record for this county,
00459188722,building,Apollo Cable Landing Station,Apollo,Monmouth County,NJ,34025,40.15704355065648,-74.10158204974093,25904.0,,not found: no utility to grid record for this county,
00460177088,building,Digital Realty New Jersey EWR20,Digital Realty,Passaic County,NJ,34031,40.82992945585005,-74.12674913164862,29614.0,,not found: no utility to grid record for this county,
00460182351,building,Digital Realty New Jersey EWR21,Digital Realty,Passaic County,NJ,34031,40.83058580151704,-74.12451439724033,71645.0,,not found: no utility to grid record for this county,
00818790301,building,Credit Suisse: Clifton Data Center,,Passaic County,NJ,34031,40.83344999607061,-74.1402186895567,140278.0,,not found: no utility to grid record for this county,
00460182320,building,CyrusOne Somerset,CyrusOne,Somerset County,NJ,34035,40.537986381868514,-74.54565865822576,318583.0,,not found: no utility to grid record for this county,
00460182335,building,BNY Mellon Somerset,,Somerset County,NJ,34035,40.53601964911133,-74.5534089707814,121002.0,,not found: no utility to grid record for this county,
00460182337,building,,Digital Realty,Somerset County,NJ,34035,40.537538352599995,-74.55554039982248,125668.0,,not found: no utility to grid record for this county,
00612045611,building,Goldman Sachs,,Somerset County,NJ,34035,40.570372202161614,-74.67032960036524,276729.0,,not found: no utility to grid record for this county,
00618339179,building,365 Bridgewater NJ,,Somerset County,NJ,34035,40.58147446747312,-74.57387794234592,28468.0,,not found: no utility to grid record for this county,
00714943309,building,PSE&G Delivery Emergency Response Center,PSE&G,Somerset County,NJ,34035,40.57989412652374,-74.51939325696017,85030.0,,not found: no utility to grid record for this county,
00756382879,building,,,Somerset County,NJ,34035,40.59934510477914,-74.70962307676368,19551.0,,not found: no utility to grid record for this county,
00756382880,building,,,Somerset County,NJ,34035,40.59971850671678,-74.71011198716056,54527.0,,not found: no utility to grid record for this county,
00758580536,building,Vital Records,,Somerset County,NJ,34035,40.528071800135834,-74.68281624993381,7942.0,,not found: no utility to grid record for this county,
00761185667,building,Verizon Wireless NE Headquarters,,Somerset County,NJ,34035,40.555692492579,-74.70559634852464,156691.0,,not found: no utility to grid record for this county,
00936368014,campus,,,Somerset County,NJ,34035,40.5242144195126,-74.54801971324707,284322.0,,not found: no utility to grid record for this county,
00989352911,campus,,,Somerset County,NJ,34035,40.543339080969226,-74.53843497464507,259234.0,,not found: no utility to grid record for this county,
00998933381,building,Rackspace Somerset NYC1,,Somerset County,NJ,34035,40.54452566835303,-74.53775798797324,18407.0,,not found: no utility to grid record for this county,
00998933389,building,Rackspace Belmont NYC2,,Somerset County,NJ,34035,40.54083886834628,-74.53749197400815,57471.0,,not found: no utility to grid record for this county,
00015884451,building,Barclays Datacenter,Barclays,Union County,NJ,34039,40.64375303338713,-74.28548116880219,94373.0,,not found: no utility to grid record for this county,
00014930068,building,HPC,Sandia National Laboratories,Bernalillo County,NM,35001,35.04994198074902,-106.54282203991323,158463.0,PNM,county served by one grid region,22.2
00169170979,building,Molina Healthcare,,Bernalillo County,NM,35001,34.99544591950108,-106.61803444531762,25568.0,PNM,county served by one grid region,22.2
00706081342,building,,,Bernalillo County,NM,35001,35.04834871785767,-106.54217512466619,43011.0,PNM,county served by one grid region,22.2
01825907839,point,Southwest Cyberport,,Bernalillo County,NM,35001,35.10329250000003,-106.5893487,,PNM,county served by one grid region,22.2
06625492701,point,Oso Grande,Oso Grande,Bernalillo County,NM,35001,35.092501500000004,-106.6536712,,PNM,county served by one grid region,22.2
09808044830,point,505 Marquette,,Bernalillo County,NM,35001,35.088628899999954,-106.65264560000001,,PNM,county served by one grid region,22.2
09808044840,point,123 Central,bigbyte.cc,Bernalillo County,NM,35001,35.08444940000002,-106.6489853,,PNM,county served by one grid region,22.2
12387534800,point,UNM Data Center,UNM,Bernalillo County,NM,35001,35.08673849999998,-106.6153476,,PNM,county served by one grid region,22.2
01235255415,building,,CenturyLink,Doña Ana County,NM,35013,32.30965547587507,-106.72917107190823,31837.0,,"not assigned: county is served by EPE, PNM",
00318069356,building,John F. Simms Building,SONM,Santa Fe County,NM,35049,35.67244389730999,-105.95657515744648,31727.0,,"not assigned: county is served by PNM, SWPP, WALC",
00578412815,campus,Meta Los Lunas Data Center,Meta,Valencia County,NM,35061,34.8302282334924,-106.77989614196927,21836553.0,PNM,county served by one grid region,22.2
00626785488,building,Meta,Meta,Valencia County,NM,35061,34.830246608460115,-106.78382909936067,654433.0,PNM,county served by one grid region,22.2
00756778306,building,Meta,Meta,Valencia County,NM,35061,34.83004000903251,-106.78034710972685,543736.0,PNM,county served by one grid region,22.2
00777679751,building,Meta,Meta,Valencia County,NM,35061,34.83028297052059,-106.77647063706308,654617.0,PNM,county served by one grid region,22.2
01191496040,building,Meta,Meta,Valencia County,NM,35061,34.825839640241206,-106.77888911307576,588490.0,PNM,county served by one grid region,22.2
01340746574,building,Meta,Meta,Valencia County,NM,35061,34.825823197722954,-106.78246827061649,588461.0,PNM,county served by one grid region,22.2
00172739950,building,Switch12,Switch,Clark County,NV,32003,36.06173888983835,-115.21329217816584,378533.0,,"not assigned: county is served by NEVP, WALC",
00172739953,building,Switch Las Vegas 7,Switch,Clark County,NV,32003,36.0599251525617,-115.2102454849461,324714.0,,"not assigned: county is served by NEVP, WALC",
00254583328,building,Verizon,,Clark County,NV,32003,36.144732607348836,-115.07792815622403,25884.0,,"not assigned: county is served by NEVP, WALC",
00254756938,campus,CenturyLink,Lumen Technologies,Clark County,NV,32003,36.143716212884904,-115.08338594607392,49212.0,,"not assigned: county is served by NEVP, WALC",
00585998677,building,Switch Las Vegas 8,Switch,Clark County,NV,32003,36.057833939238215,-115.21425795862818,264412.0,,"not assigned: county is served by NEVP, WALC",
00585998678,building,Switch Las Vegas 9,Switch,Clark County,NV,32003,36.055707545706994,-115.21962787172575,286176.0,,"not assigned: county is served by NEVP, WALC",
00617194689,building,Switch Las Vegas 11,Switch,Clark County,NV,32003,36.05588519591084,-115.21413677748545,230261.0,,"not assigned: county is served by NEVP, WALC",
00746278786,building,Flexential Las Vegas - North,Flexential,Clark County,NV,32003,36.24816478211208,-115.10126087457563,110728.0,,"not assigned: county is served by NEVP, WALC",
00844359205,campus,Google Data Center,,Clark County,NV,32003,36.05779722778458,-115.00905166700049,2037873.0,,"not assigned: county is served by NEVP, WALC",
00844359206,building,Google,Google,Clark County,NV,32003,36.056288380442616,-115.00857680765697,143869.0,,"not assigned: county is served by NEVP, WALC",
00844359207,building,Google,Google,Clark County,NV,32003,36.05880161382709,-115.00879721733386,141227.0,,"not assigned: county is served by NEVP, WALC",
00984796364,building,Switch Las Vegas 10,,Clark County,NV,32003,36.055585829479206,-115.2230609078074,206411.0,,"not assigned: county is served by NEVP, WALC",
01013396352,building,CenturyLink,,Clark County,NV,32003,36.18299775012923,-115.06266954999842,11601.0,,"not assigned: county is served by NEVP, WALC",
01017048670,building,Switch Edge 1,,Clark County,NV,32003,36.05914890088559,-115.21368205577333,27670.0,,"not assigned: county is served by NEVP, WALC",
01017460713,building,Switch Las Vegas 4,Switch,Clark County,NV,32003,36.143646142312384,-115.07677875306494,27777.0,,"not assigned: county is served by NEVP, WALC",
01017460715,building,Switch Las Vegas 5,Switch,Clark County,NV,32003,36.14276349998916,-115.0766965000049,15026.0,,"not assigned: county is served by NEVP, WALC",
01034475557,building,DataBank Las Vegas LAS1,,Clark County,NV,32003,36.05972751073122,-115.14721141845385,58547.0,,"not assigned: county is served by NEVP, WALC",
01235846520,building,Verizon North Las Vegas,Verizon,Clark County,NV,32003,36.22189342504773,-115.14705545021235,25096.0,,"not assigned: county is served by NEVP, WALC",
01263819877,building,,Switch,Clark County,NV,32003,36.06402201453284,-115.22111213586722,241776.0,,"not assigned: county is served by NEVP, WALC",
01314355599,campus,Switch Las Vegas 12,,Clark County,NV,32003,36.05813028989026,-115.21038851286191,484037.0,,"not assigned: county is served by NEVP, WALC",
01379421123,building,Flexential Las Vegas - Downtown,Flexential,Clark County,NV,32003,36.168643800000766,-115.14314455000994,439.0,,"not assigned: county is served by NEVP, WALC",
01421212901,building,Switch Las Vegas 14,Switch,Clark County,NV,32003,36.065207561022845,-115.22204498756159,223997.0,,"not assigned: county is served by NEVP, WALC",
13311012216,point,Fiberhub LAS1,Fiberhub,Clark County,NV,32003,36.065940500000025,-115.1398835,,,"not assigned: county is served by NEVP, WALC",
01116775094,building,,,Storey County,NV,32029,39.514067828488315,-119.47551375087221,628883.0,,not found: no utility to grid record for this county,
01116775095,building,,,Storey County,NV,32029,39.51387049344325,-119.48485275056315,296544.0,,not found: no utility to grid record for this county,
01320683840,building,,,Storey County,NV,32029,39.51151960465572,-119.48330528884722,390893.0,,not found: no utility to grid record for this county,
06685432442,point,Switch Tahoe Reno - The Citadel Campus,Switch,Storey County,NV,32029,39.51409629999995,-119.4795921,,,not found: no utility to grid record for this county,
00464097467,building,,,Washoe County,NV,32031,39.56710538351869,-119.54857352752407,276687.0,CISO,county served by one grid region,24.8
00775412066,building,,,Washoe County,NV,32031,39.56771439975202,-119.54236274853601,89831.0,CISO,county served by one grid region,24.8
00775412067,building,,,Washoe County,NV,32031,39.5675010277547,-119.54320948328537,89571.0,CISO,county served by one grid region,24.8
00775412068,building,,,Washoe County,NV,32031,39.567160471410034,-119.54438836390534,88594.0,CISO,county served by one grid region,24.8
00775412069,building,,,Washoe County,NV,32031,39.56692084061534,-119.54522686760028,92133.0,CISO,county served by one grid region,24.8
00775412072,building,,,Washoe County,NV,32031,39.56575835137741,-119.54797410085595,90711.0,CISO,county served by one grid region,24.8
00775412073,building,,,Washoe County,NV,32031,39.56510625130509,-119.54768980080748,89076.0,CISO,county served by one grid region,24.8
01210199365,building,,,Washoe County,NV,32031,39.56971060147777,-119.5378594125417,89816.0,CISO,county served by one grid region,24.8
01210199366,building,,,Washoe County,NV,32031,39.570052601477805,-119.53709171254167,89816.0,CISO,county served by one grid region,24.8
01210199367,building,,,Washoe County,NV,32031,39.57059170801203,-119.53603404605106,89821.0,CISO,county served by one grid region,24.8
01210199368,building,,,Washoe County,NV,32031,39.57098620148502,-119.5353175625486,89824.0,CISO,county served by one grid region,24.8
00069827429,building,IBM Building,,Albany County,NY,36001,42.64935307487593,-73.7527452452726,15355.0,NYIS,county served by one grid region,60.6
00871694597,building,Turnkey Internet,,Albany County,NY,36001,42.74544108847024,-73.75919958242348,10465.0,NYIS,county served by one grid region,60.6
12682482760,point,Lumen Albany 4,Lumen Technologies,Albany County,NY,36001,42.73563079999996,-73.818665,,NYIS,county served by one grid region,60.6
00916148870,building,,,Erie County,NY,36029,43.04498475079566,-78.74920687191288,41938.0,NYIS,county served by one grid region,60.6
09736262934,point,Frontier Science,,Erie County,NY,36029,42.990201099999986,-78.8123836,,NYIS,county served by one grid region,60.6
12766117170,point,Dataverge,Dataverge,Kings County,NY,36047,40.65769569999999,-74.0048163,,,not found: no utility to grid record for this county,
00250052753,building,32 Avenue of the Americas,,New York County,NY,36061,40.719998478665225,-74.00463586981833,42396.0,,not found: no utility to grid record for this county,
00289884123,building,33 Thomas Street,,New York County,NY,36061,40.7165249817088,-74.0059130609563,30791.0,,not found: no utility to grid record for this county,
12221811811,point,Digital Realty New York JFK13,Digital Realty,New York County,NY,36061,40.71992800000002,-74.00445830000001,,,not found: no utility to grid record for this county,
12221880448,point,Digital Realty New York JFK12,Digital Realty,New York County,NY,36061,40.717676600000004,-74.0084414,,,not found: no utility to grid record for this county,
00832622369,building,,Blockfusion,Niagara County,NY,36063,43.07483783638032,-78.94480168233245,16242.0,NYIS,county served by one grid region,60.6
01109643936,building,,US Bitcoin,Niagara County,NY,36063,43.082056267934384,-79.03072271617526,61559.0,NYIS,county served by one grid region,60.6
00930043986,building,SU Green Data Center,Syracuse University,Onondaga County,NY,36067,43.01207616834648,-76.11592528923454,12169.0,NYIS,county served by one grid region,60.6
00247427998,building,Merrill Lynch Data Center,Merrill Lynch,Richmond County,NY,36085,40.60738024218361,-74.17317970568563,63435.0,,not found: no utility to grid record for this county,
00247428943,building,Telehouse Teleport,Telehouse,Richmond County,NY,36085,40.606985209666014,-74.17488651961352,69999.0,,not found: no utility to grid record for this county,
01092283612,building,,,Rockland County,NY,36087,41.05233000835496,-73.97183915643684,262772.0,,not found: no utility to grid record for this county,
01238955720,building,Bloomberg Data Center,Bloomberg,Rockland County,NY,36087,41.0362703541861,-73.98749369632571,182539.0,,not found: no utility to grid record for this county,
01238955733,building,fifteenfortyseven CSR ORNY1,fifteenfortyseven Critical Systems Realty,Rockland County,NY,36087,41.034484503180394,-73.97576449873921,151516.0,,not found: no utility to grid record for this county,
01383913490,building,Databank LGA3,Databank,Rockland County,NY,36087,41.0399432449328,-73.98965093105873,197452.0,,not found: no utility to grid record for this county,
00459188725,building,Cable & Wireless Cable Landing Station,,Suffolk County,NY,36103,40.84365992460773,-72.88334530997138,36746.0,,"not assigned: county is served by ISNE, NYIS",
00802054282,building,,,Westchester County,NY,36119,40.951269750405764,-73.89790099960555,13426.0,,not found: no utility to grid record for this county,
01346610234,campus,CyrusOne Cincinnati-Hamilton CIN4,CyrusOne,Butler County,OH,39017,39.38523874936671,-84.5661312857646,1543625.0,PJM,county served by one grid region,93.4
12112201416,point,Flexential Cincinnati,Flexential,Butler County,OH,39017,39.31593130000003,-84.44946380000002,,PJM,county served by one grid region,93.4
00138643160,building,LexisNexus Springfield,,Clark County,OH,39023,39.912780083635845,-83.72376141562717,79937.0,PJM,county served by one grid region,93.4
00491914767,building,H5 Data Center,,Cuyahoga County,OH,39035,41.50635749142958,-81.6835984766603,71439.0,PJM,county served by one grid region,93.4
00923148801,building,Lumen Cleveland,,Cuyahoga County,OH,39035,41.50506588325723,-81.65777529837548,29490.0,PJM,county served by one grid region,93.4
01238705019,building,Involta Independence,,Cuyahoga County,OH,39035,41.36106237331226,-81.63280479310477,26393.0,PJM,county served by one grid region,93.4
01292169104,campus,T5@Cleveland,T5 Data Centers,Cuyahoga County,OH,39035,41.44249497050612,-81.80285198960169,974789.0,PJM,county served by one grid region,93.4
01382205749,building,T5@Cleveland,T5 Data Centers,Cuyahoga County,OH,39035,41.44246938202044,-81.80215430324107,244723.0,PJM,county served by one grid region,93.4
01319724559,building,,,Delaware County,OH,39041,40.22452425388648,-83.04586008454727,307645.0,PJM,county served by one grid region,93.4
00383796776,building,,Aligned Data Centers,Erie County,OH,39043,41.4324305009821,-82.71902751224367,633484.0,PJM,county served by one grid region,93.4
01252196824,building,Google,Google,Fairfield County,OH,39045,39.724010166114695,-82.69112739236837,289253.0,PJM,county served by one grid region,93.4
00460067225,campus,Amazon AWS: Hilliard Data Center,Amazon Web Services us-east-2 datacenter,Franklin County,OH,39049,40.059902191478876,-83.13425799033122,2578490.0,PJM,county served by one grid region,93.4
00547156394,building,TJX Corporate Techno,,Franklin County,OH,39049,40.10386011394031,-82.81062585456809,102681.0,PJM,county served by one grid region,93.4
00547156405,building,Compugen New Albany,,Franklin County,OH,39049,40.104550038254644,-82.80494540049781,44250.0,PJM,county served by one grid region,93.4
00547277699,building,Compugen New Albany,,Franklin County,OH,39049,40.10367720079985,-82.80893932428502,32222.0,PJM,county served by one grid region,93.4
00551387747,building,,,Franklin County,OH,39049,40.115717015784234,-83.00256546104873,56266.0,PJM,county served by one grid region,93.4
00673532692,building,Amazon Web Services,Amazon Web Services,Franklin County,OH,39049,40.06115215749759,-83.13517288858029,161809.0,PJM,county served by one grid region,93.4
00723117951,campus,STACK New Albany,,Franklin County,OH,39049,40.106353701609386,-82.8007477594743,563283.0,PJM,county served by one grid region,93.4
00821081357,building,Amazon Web Services,Amazon Web Services,Franklin County,OH,39049,40.10257307151942,-83.1996986090437,151703.0,PJM,county served by one grid region,93.4
00821081358,building,Amazon Web Services,Amazon Web Services,Franklin County,OH,39049,40.103586628963164,-83.1997637520824,159123.0,PJM,county served by one grid region,93.4
00844391357,campus,Google Data Center,Google,Franklin County,OH,39049,40.05820687502756,-82.76621082766692,22688090.0,PJM,county served by one grid region,93.4
00874506250,building,Amazon Web Services,Amazon Web Services,Franklin County,OH,39049,40.06014718926057,-83.13490722876958,161757.0,PJM,county served by one grid region,93.4
00975484796,building,Amazon Web Services,Amazon Web Services,Franklin County,OH,39049,40.059325155885155,-83.13460627634682,170922.0,PJM,county served by one grid region,93.4
00975484797,building,Amazon Web Services,Amazon Web Services,Franklin County,OH,39049,40.05830889449401,-83.13409055935804,133709.0,PJM,county served by one grid region,93.4
00975484798,building,Amazon Web Services,Amazon Web Services,Franklin County,OH,39049,40.06077960066598,-83.13275276040426,142297.0,PJM,county served by one grid region,93.4
01154503131,building,Amazon Web Services,Amazon Web Services,Franklin County,OH,39049,40.10176652448264,-83.1995825830434,150776.0,PJM,county served by one grid region,93.4
01154503132,building,Amazon Web Services,Amazon Web Services,Franklin County,OH,39049,40.100768130406955,-83.19947533976502,150211.0,PJM,county served by one grid region,93.4
01154503133,building,Amazon Web Services,Amazon Web Services,Franklin County,OH,39049,40.09978650124,-83.1992604839832,131786.0,PJM,county served by one grid region,93.4
01252196808,building,Amazon Web Services,Amazon Web Services,Franklin County,OH,39049,40.04935754088761,-83.17546025829033,220580.0,PJM,county served by one grid region,93.4
01252196809,building,,Amazon Web Services,Franklin County,OH,39049,40.04813089818562,-83.17528384542761,217845.0,PJM,county served by one grid region,93.4
01252196810,building,Amazon Web Services,Amazon Web Services,Franklin County,OH,39049,40.04790974075581,-83.17754692245403,14456.0,PJM,county served by one grid region,93.4
01252196812,building,Google NBY-4,Google,Franklin County,OH,39049,40.059342128156295,-82.77177556209224,294201.0,PJM,county served by one grid region,93.4
01252196814,building,Google,Google,Franklin County,OH,39049,39.85209794675051,-82.99487523065918,289874.0,PJM,county served by one grid region,93.4
01281982556,campus,"Google Lockbourne, OH",Google,Franklin County,OH,39049,39.848752677367955,-82.99616096097107,11463730.0,PJM,county served by one grid region,93.4
01386016632,building,Google NBY-5,Google,Franklin County,OH,39049,40.05652000741912,-82.772048580204,287008.0,PJM,county served by one grid region,93.4
01386016633,building,Google NBY-6,Google,Franklin County,OH,39049,40.05392734996134,-82.76761078944944,287583.0,PJM,county served by one grid region,93.4
01386016640,building,Amazon Web Services,Amazon Web Services,Franklin County,OH,39049,40.05017566216084,-83.17552394889911,214085.0,PJM,county served by one grid region,93.4
01386016641,building,Amazon Web Services,Amazon Web Services,Franklin County,OH,39049,40.05152799488423,-83.17571627041164,211155.0,PJM,county served by one grid region,93.4
01386016642,building,Amazon Web Services,Amazon Web Services,Franklin County,OH,39049,40.01641808152992,-83.12585830529049,212842.0,PJM,county served by one grid region,93.4
01386016643,building,Amazon Web Services,Amazon Web Services,Franklin County,OH,39049,40.02101728573019,-83.12602357320513,217920.0,PJM,county served by one grid region,93.4
01411056682,building,,Oppidan,Franklin County,OH,39049,40.05267287889233,-83.12742344787743,89315.0,PJM,county served by one grid region,93.4
01447049070,building,,,Franklin County,OH,39049,40.0207608591313,-83.12417577793775,261665.0,PJM,county served by one grid region,93.4
01447049071,building,,,Franklin County,OH,39049,40.0212015751041,-83.12318764145307,130027.0,PJM,county served by one grid region,93.4
01462886682,building,,,Franklin County,OH,39049,40.115815974371074,-83.00154872692079,100131.0,PJM,county served by one grid region,93.4
00036897140,building,,,Hamilton County,OH,39061,39.29404817733801,-84.41211321346512,13074.0,PJM,county served by one grid region,93.4
00046128119,building,CyrusOne CIN2,CyrusOne,Hamilton County,OH,39061,39.102694860367215,-84.51789753744696,29534.0,PJM,county served by one grid region,93.4
00460067220,campus,Amazon Web Services Datacenter Complex,Amazon Web Services,Licking County,OH,39089,40.09388273554784,-82.75171093377944,1106310.0,PJM,county served by one grid region,93.4
00562775657,building,Amazon Web Services  CMH50,Amazon Web Services,Licking County,OH,39089,40.09462975659448,-82.75133937578003,161683.0,PJM,county served by one grid region,93.4
00671301768,building,Meta New Albany Data Center,Meta,Licking County,OH,39089,40.06840826479164,-82.7503408359755,663238.0,PJM,county served by one grid region,93.4
00802160675,building,Meta New Albany Data Center,Meta,Licking County,OH,39089,40.06527171787832,-82.74890966242867,663286.0,PJM,county served by one grid region,93.4
00844391357,campus,Google Data Center,Google,Licking County,OH,39089,40.05820687502756,-82.76621082766692,22688090.0,PJM,county served by one grid region,93.4
00844391358,building,Google NBY-1,Google,Licking County,OH,39089,40.06114460722927,-82.76429366972576,145177.0,PJM,county served by one grid region,93.4
01020374277,building,Amazon Web Services  CMH53,Amazon Web Services,Licking County,OH,39089,40.093616439444084,-82.75145548070124,154029.0,PJM,county served by one grid region,93.4
01020374278,building,Amazon Web Services CMH56,Amazon Web Services,Licking County,OH,39089,40.09653435041937,-82.75205114610061,154677.0,PJM,county served by one grid region,93.4
01020374279,building,Amazon Web Services  CMH59,Amazon Web Services,Licking County,OH,39089,40.09404615807959,-82.74749104888826,161123.0,PJM,county served by one grid region,93.4
01222007663,building,Google NBY-2,Google,Licking County,OH,39089,40.05963281203005,-82.76452657909626,138878.0,PJM,county served by one grid region,93.4
01252196801,building,Amazon Web Services CMH62,Amazon Web Services,Licking County,OH,39089,40.09298279215547,-82.74763713445286,136329.0,PJM,county served by one grid region,93.4
01252196802,building,Amazon Web Services,Amazon Web Services,Licking County,OH,39089,40.09344044223075,-82.7321598268788,214329.0,PJM,county served by one grid region,93.4
01252196803,building,Amazon Web Services,Amazon Web Services,Licking County,OH,39089,40.09215828085437,-82.72755119564094,214261.0,PJM,county served by one grid region,93.4
01252196804,building,Amazon Web Services,Amazon Web Services,Licking County,OH,39089,40.092965346506006,-82.72649053707603,14223.0,PJM,county served by one grid region,93.4
01252196811,building,Google NBY-3,Google,Licking County,OH,39089,40.05795740696205,-82.76528495795795,284807.0,PJM,county served by one grid region,93.4
01252196813,building,Meta New Albany Data Center,Meta,Licking County,OH,39089,40.060379703786474,-82.75098831560908,608761.0,PJM,county served by one grid region,93.4
01281982572,campus,Amazon New Albany: Jug and Beach Road,,Licking County,OH,39089,40.09907370699043,-82.75147401690785,1524640.0,PJM,county served by one grid region,93.4
01375443893,building,,,Licking County,OH,39089,40.05924761990545,-82.76269811748983,95190.0,PJM,county served by one grid region,93.4
01386016627,building,Amazon Web Services,Amazon Web Services,Licking County,OH,39089,40.10242869167073,-82.75012924483033,213519.0,PJM,county served by one grid region,93.4
01386016628,building,Amazon Web Services,Amazon Web Services,Licking County,OH,39089,40.10197816995511,-82.75191229497905,125656.0,PJM,county served by one grid region,93.4
01386016629,building,Amazon Web Services,Amazon Web Services,Licking County,OH,39089,40.09421858757698,-82.73211149672552,213118.0,PJM,county served by one grid region,93.4
01386016630,building,Amazon Web Services,Amazon Web Services,Licking County,OH,39089,40.09437825776618,-82.72928126568107,72426.0,PJM,county served by one grid region,93.4
01386016631,building,Amazon Web Services,Amazon Web Services,Licking County,OH,39089,40.0955017340038,-82.73200435141196,211441.0,PJM,county served by one grid region,93.4
01386016633,building,Google NBY-6,Google,Licking County,OH,39089,40.05392734996134,-82.76761078944944,287583.0,PJM,county served by one grid region,93.4
01386016634,building,Meta,Meta,Licking County,OH,39089,40.06149628180154,-82.74054460541299,365548.0,PJM,county served by one grid region,93.4
01386016635,building,Meta,Meta,Licking County,OH,39089,40.065239403615855,-82.74114938512078,304109.0,PJM,county served by one grid region,93.4
01425043212,building,QTS NAL 2 DC1,Quality Technology Services,Licking County,OH,39089,40.0556836587917,-82.75637526337734,163319.0,PJM,county served by one grid region,93.4
01425043213,building,QTS NAL 2 DC2,Quality Technology Services,Licking County,OH,39089,40.053119892107304,-82.75657723017025,147657.0,PJM,county served by one grid region,93.4
01425043214,building,QTS NAL1 DC2,Quality Technology Services,Licking County,OH,39089,40.06356213641001,-82.75816917488658,226711.0,PJM,county served by one grid region,93.4
01425043215,building,QTS NAL1 DC1,Quality Technology Services,Licking County,OH,39089,40.06510848413083,-82.75805608235054,225116.0,PJM,county served by one grid region,93.4
01427613543,building,Google NBY-7,Google,Licking County,OH,39089,40.05393985497952,-82.7644472443362,175532.0,PJM,county served by one grid region,93.4
01427613544,building,Vantage Building 1,Vantage,Licking County,OH,39089,40.10249753450011,-82.74695373508102,245446.0,PJM,county served by one grid region,93.4
01427613545,building,Vantage Building 2,Vantage,Licking County,OH,39089,40.1005314675866,-82.74711627367479,237734.0,PJM,county served by one grid region,93.4
01427613546,building,Vantage Building 3,Vantage,Licking County,OH,39089,40.098765283375776,-82.74724322674068,222450.0,PJM,county served by one grid region,93.4
01210421871,building,Carrier Services Group,,Mahoning County,OH,39099,41.04105972873746,-80.63309049266806,75379.0,PJM,county served by one grid region,93.4
01278541792,building,Involta-Akron,,Summit County,OH,39153,41.057431068795566,-81.52197151267426,59427.0,PJM,county served by one grid region,93.4
01252196805,building,Amazon Web Services,Amazon Web Services,Union County,OH,39159,40.11625887855608,-83.20139113655297,218032.0,PJM,county served by one grid region,93.4
01252196806,building,,Amazon Web Services,Union County,OH,39159,40.11739966334843,-83.20208181892225,213349.0,PJM,county served by one grid region,93.4
01252196807,building,Amazon Web Services,Amazon Web Services,Union County,OH,39159,40.11904802129847,-83.20025962657277,13652.0,PJM,county served by one grid region,93.4
01280344148,building,Amazon Web Services,Amazon Web Services,Union County,OH,39159,40.13418977024933,-83.21583366417357,233609.0,PJM,county served by one grid region,93.4
01386016636,building,Amazon Web Services,Amazon Web Services,Union County,OH,39159,40.13579696334773,-83.21264447651147,210421.0,PJM,county served by one grid region,93.4
01386016637,building,Amazon Web Services,Amazon Web Services,Union County,OH,39159,40.12007223395813,-83.19930886076622,156855.0,PJM,county served by one grid region,93.4
01386016638,building,Amazon Web Services,Amazon Web Services,Union County,OH,39159,40.11930148042772,-83.20321748466178,211969.0,PJM,county served by one grid region,93.4
01386016639,building,Amazon Web Services,Amazon Web Services,Union County,OH,39159,40.11811210088951,-83.20252284370741,216190.0,PJM,county served by one grid region,93.4
00031250931,building,CyrusOne Cincinnati-Mason CIN3,CyrusOne,Warren County,OH,39165,39.303895806613035,-84.31157999997258,82813.0,PJM,county served by one grid region,93.4
00095349317,building,CyrusOne Cincinnati-Lebanon,,Warren County,OH,39165,39.389018744445785,-84.22187533686325,198403.0,PJM,county served by one grid region,93.4
01377162298,campus,Meta Bowling Green Data Center,,Wood County,OH,39173,41.46529826036125,-83.63835552524,21498189.0,PJM,county served by one grid region,93.4
00726150321,building,Choctaw Nation of Oklahoma Data Center,Choctaw Nation of oklahoma,Bryan County,OK,40013,33.971721452767405,-96.4028549048576,13494.0,SWPP,county served by one grid region,55.4
01387080629,building,,,Muskogee County,OK,40101,35.56813484793012,-95.51241664405323,112466.0,,"not assigned: county is served by AECI, SWPP",
06401035673,point,Rack59 Data Center,,Oklahoma County,OK,40109,35.46720489999999,-97.6497453,,,"not assigned: county is served by AECI, SWPP",
00195664350,building,Cherokee Data Center,,Tulsa County,OK,40143,36.262546063389934,-95.91003132519961,414827.0,,"not assigned: county is served by AECI, SWPP",
00946014659,building,,,Tulsa County,OK,40143,36.08125144033206,-95.8541491705349,8589.0,,"not assigned: county is served by AECI, SWPP",
12793428582,point,TulsaConnect DC3,,Tulsa County,OK,40143,36.09947349999995,-95.8382826,,,"not assigned: county is served by AECI, SWPP",
00480762078,building,Juniper,,Clackamas County,OR,41005,45.31873065187943,-122.76587362101382,24854.0,PGE,county served by one grid region,96.6
00019988712,campus,Meta Prineville Datacenter,Meta,Crook County,OR,41013,44.29844323079028,-120.88638228128598,17379079.0,BPAT,county served by one grid region,0.0
00019993392,campus,Apple Prineville Datacenter,Apple,Crook County,OR,41013,44.28455821302781,-120.86588333153831,15637431.0,BPAT,county served by one grid region,0.0
00321385147,building,,,Crook County,OR,41013,44.29588334105515,-120.88726144669496,269642.0,BPAT,county served by one grid region,0.0
00373945186,building,,,Crook County,OR,41013,44.29489361961425,-120.8839983863009,231830.0,BPAT,county served by one grid region,0.0
00397914434,building,,Apple,Crook County,OR,41013,44.28941552511668,-120.87507749015272,9228.0,BPAT,county served by one grid region,0.0
00517411076,building,,,Crook County,OR,41013,44.28888249144302,-120.87012500756974,377457.0,BPAT,county served by one grid region,0.0
00706759844,building,,,Crook County,OR,41013,44.28727726878123,-120.87021590519326,344665.0,BPAT,county served by one grid region,0.0
00706759845,building,,,Crook County,OR,41013,44.29368315614664,-120.88151890467707,328376.0,BPAT,county served by one grid region,0.0
00772827597,building,,,Crook County,OR,41013,44.29909531760913,-120.87943460143899,630160.0,BPAT,county served by one grid region,0.0
00772827601,building,,,Crook County,OR,41013,44.30125484226488,-120.88988386659982,622980.0,BPAT,county served by one grid region,0.0
01152747559,building,,,Crook County,OR,41013,44.30167224151622,-120.89459613565029,455401.0,BPAT,county served by one grid region,0.0
01152748037,building,,,Crook County,OR,41013,44.299287947754344,-120.89459469330099,241183.0,BPAT,county served by one grid region,0.0
01276373853,building,,,Crook County,OR,41013,44.28575425519378,-120.8699210224936,275217.0,BPAT,county served by one grid region,0.0
00752001022,building,,,Deschutes County,OR,41017,44.04740740013566,-121.3285496442757,11249.0,BPAT,county served by one grid region,0.0
02590601520,point,FCR,,Josephine County,OR,41033,42.43788240000002,-123.3286299,,,not found: no utility to grid record for this county,
11526819452,point,EarthClick.net LLC,,Lane County,OR,41039,43.797155399999994,-123.05594560000002,,,"not assigned: county is served by BPAT, PACW",
01365213539,building,PTC,Stayton Cooperative Telephone Company,Linn County,OR,41043,44.77521879334287,-122.61593123751021,2521.0,,"not assigned: county is served by BPAT, PACW",
00733721782,building,Oregon State Data Center,State of Oregon,Marion County,OR,41047,44.92654909196885,-123.00186141171869,46536.0,,"not assigned: county is served by BPAT, PGE",
00965755845,building,CenturyLink,CenturyLink,Marion County,OR,41047,44.93802973611572,-123.03368547875327,24529.0,,"not assigned: county is served by BPAT, PGE",
00460070144,building,Amazon Web Services us-west-2,Amazon Web Services,Morrow County,OR,41049,45.841003193690035,-119.65276874957645,127483.0,BPAT,county served by one grid region,0.0
00460070145,building,Amazon Web Services us-west-2,Amazon Web Services,Morrow County,OR,41049,45.85223533738975,-119.62988821726834,267452.0,BPAT,county served by one grid region,0.0
00460070147,building,Amazon Web Services us-west-2,Amazon Web Services,Morrow County,OR,41049,45.850880751269834,-119.63052370002721,103260.0,BPAT,county served by one grid region,0.0
00592171280,building,Amazon Web Services us-west-2,Amazon Web Services,Morrow County,OR,41049,45.8404435353901,-119.65497937870387,151857.0,BPAT,county served by one grid region,0.0
00633034071,building,Amazon Web Services us-west-2,Amazon Web Services,Morrow County,OR,41049,45.841413570882,-119.65793309033623,284033.0,BPAT,county served by one grid region,0.0
00697415321,building,Amazon Web Services us-west-2,Amazon Web Services,Morrow County,OR,41049,45.84117425838994,-119.65544902618971,123601.0,BPAT,county served by one grid region,0.0
00697415323,building,Amazon Web Services us-west-2,Amazon Web Services,Morrow County,OR,41049,45.853786061670256,-119.6300360999594,263671.0,BPAT,county served by one grid region,0.0
00697417726,building,Amazon Web Services us-west-2,Amazon Web Services,Morrow County,OR,41049,45.84665532541318,-119.60370922412669,211981.0,BPAT,county served by one grid region,0.0
00914613836,building,Amazon PDX91,Amazon Web Services,Morrow County,OR,41049,45.83792394838973,-119.68835481078412,210994.0,BPAT,county served by one grid region,0.0
00914616809,building,Amazon PDX92,Amazon Web Services,Morrow County,OR,41049,45.837540247569144,-119.69312909809459,211026.0,BPAT,county served by one grid region,0.0
00914616810,building,Amazon Web Services us-west-2,Amazon Web Services,Morrow County,OR,41049,45.846654614374444,-119.60564495354758,211938.0,BPAT,county served by one grid region,0.0
01027471509,building,Amazon Web Services us-west-2,Amazon Web Services,Morrow County,OR,41049,45.846667814374484,-119.60703845354756,211938.0,BPAT,county served by one grid region,0.0
01027471510,building,Amazon Web Services us-west-2,Amazon Web Services,Morrow County,OR,41049,45.846753781437606,-119.60906254768787,221562.0,BPAT,county served by one grid region,0.0
01057230915,building,Amazon PDX93,Amazon Web Services,Morrow County,OR,41049,45.83654228757941,-119.68986643174063,213828.0,BPAT,county served by one grid region,0.0
01226439731,building,Amazon Web Services,Amazon Web Services,Morrow County,OR,41049,45.836184457262725,-119.69404769468917,213843.0,BPAT,county served by one grid region,0.0
01252196816,building,Amazon Web Services,Amazon Web Services,Morrow County,OR,41049,45.85874996159125,-119.60509631980196,210570.0,BPAT,county served by one grid region,0.0
01252196817,building,Amazon Web Services,Amazon Web Services,Morrow County,OR,41049,45.86008348238562,-119.60513360298897,211904.0,BPAT,county served by one grid region,0.0
01252196818,building,Amazon Web Services,Amazon Web Services,Morrow County,OR,41049,45.8609694312574,-119.6051531215301,216528.0,BPAT,county served by one grid region,0.0
01252196819,building,Amazon Web Services,Amazon Web Services,Morrow County,OR,41049,45.841481031506696,-119.6517767921927,13765.0,BPAT,county served by one grid region,0.0
01280344154,building,Amazon Web Services,Amazon Web Services,Morrow County,OR,41049,45.86225295877379,-119.60511168543225,211930.0,BPAT,county served by one grid region,0.0
01280344155,building,Amazon Web Services,Amazon Web Services,Morrow County,OR,41049,45.85803760730771,-119.60487161226038,12811.0,BPAT,county served by one grid region,0.0
01280344156,building,Amazon Web Services,Amazon Web Services,Morrow County,OR,41049,45.840670297393935,-119.65130207689772,13923.0,BPAT,county served by one grid region,0.0
01280344157,building,Amazon Web Services,Amazon Web Services,Morrow County,OR,41049,45.81993095962179,-119.63208588156591,212775.0,BPAT,county served by one grid region,0.0
01386017490,building,Amazon Web Services,Amazon Web Services,Morrow County,OR,41049,45.85173142305967,-119.61966295645043,214042.0,BPAT,county served by one grid region,0.0
01386017491,building,Amazon Web Services,Amazon Web Services,Morrow County,OR,41049,45.85310039256019,-119.61968497991583,210337.0,BPAT,county served by one grid region,0.0
01386017492,building,Amazon Web Services,Amazon Web Services,Morrow County,OR,41049,45.81870682167566,-119.63200543136975,210662.0,BPAT,county served by one grid region,0.0
01386017493,building,Amazon Web Services,Amazon Web Services,Morrow County,OR,41049,45.8186963213564,-119.63626874113693,215555.0,BPAT,county served by one grid region,0.0
01386017494,building,Amazon Web Services,Amazon Web Services,Morrow County,OR,41049,45.819956584120796,-119.6362869627198,209033.0,BPAT,county served by one grid region,0.0
00369452572,building,Pittock Block,,Multnomah County,OR,41051,45.521543581997186,-122.68070403612809,41556.0,PGE,county served by one grid region,96.6
03732415309,point,The Pittock Internet Exchange,Alco Properties,Multnomah County,OR,41051,45.52142480000003,-122.68056199999998,,PGE,county served by one grid region,96.6
00460070135,building,,,Umatilla County,OR,41059,45.91583559984652,-119.26632355,2605.0,BPAT,county served by one grid region,0.0
00460070136,building,,,Umatilla County,OR,41059,45.915835599846574,-119.26652739999999,2608.0,BPAT,county served by one grid region,0.0
00460070137,building,,,Umatilla County,OR,41059,45.91583559984652,-119.26672585,2605.0,BPAT,county served by one grid region,0.0
00460070138,building,,,Umatilla County,OR,41059,45.91583559984655,-119.26711214999999,2605.0,BPAT,county served by one grid region,0.0
00460070139,building,,,Umatilla County,OR,41059,45.91584309984662,-119.26731594999998,2605.0,BPAT,county served by one grid region,0.0
00460070140,building,,,Umatilla County,OR,41059,45.91583189984655,-119.26751175,2605.0,BPAT,county served by one grid region,0.0
00460070141,building,,,Umatilla County,OR,41059,45.91583559984655,-119.26771695000002,2605.0,BPAT,county served by one grid region,0.0
00460070143,building,Amazon PDX2,Amazon Web Services,Umatilla County,OR,41059,45.91640356429687,-119.26777584933069,133053.0,BPAT,county served by one grid region,0.0
00592257327,building,Amazon PDX51/54,Amazon Web Services,Umatilla County,OR,41059,45.91744776004561,-119.26773387516516,260806.0,BPAT,county served by one grid region,0.0
00697413741,building,Amazon PDX57/60,Amazon Web Services,Umatilla County,OR,41059,45.913883188873065,-119.26771376022246,271590.0,BPAT,county served by one grid region,0.0
00706776322,building,Amazon PDX80,Amazon Web Services,Umatilla County,OR,41059,45.79780879526037,-119.36661621765712,215703.0,BPAT,county served by one grid region,0.0
01126159710,building,Amazon PDX63,Amazon Web Services,Umatilla County,OR,41059,45.901449845508274,-119.32052237838585,227376.0,BPAT,county served by one grid region,0.0
01126159711,building,Amazon PDX65,Amazon Web Services,Umatilla County,OR,41059,45.90276331956975,-119.32049760712083,217425.0,BPAT,county served by one grid region,0.0
01126159714,building,Amazon PDX67,Amazon Web Services,Umatilla County,OR,41059,45.90385105351774,-119.32048702148562,219900.0,BPAT,county served by one grid region,0.0
01126159715,building,Amazon PDX69,Amazon Web Services,Umatilla County,OR,41059,45.9050943707071,-119.32016656388497,219735.0,BPAT,county served by one grid region,0.0
01127951468,building,,,Umatilla County,OR,41059,45.915709847092806,-119.26998056724547,15313.0,BPAT,county served by one grid region,0.0
01252196820,building,Amazon Web Services,Amazon Web Services,Umatilla County,OR,41059,45.9206369354048,-119.23183081247244,216430.0,BPAT,county served by one grid region,0.0
01252196821,building,Amazon Web Services,Amazon Web Services,Umatilla County,OR,41059,45.92064708433544,-119.22998114838396,211240.0,BPAT,county served by one grid region,0.0
01252196822,building,Amazon Web Services,Amazon Web Services,Umatilla County,OR,41059,45.79777489027666,-119.361958718014,216777.0,BPAT,county served by one grid region,0.0
01252196823,building,Amazon Web Services,Amazon Web Services,Umatilla County,OR,41059,45.799165042059165,-119.3666580013381,216903.0,BPAT,county served by one grid region,0.0
01280344149,building,Amazon Web Services,Amazon Web Services,Umatilla County,OR,41059,45.92059672458088,-119.22880463589557,225421.0,BPAT,county served by one grid region,0.0
01280344150,building,Amazon Web Services,Amazon Web Services,Umatilla County,OR,41059,45.920560005801455,-119.22700425422059,217375.0,BPAT,county served by one grid region,0.0
01280344151,building,Amazon Web Services,Amazon Web Services,Umatilla County,OR,41059,45.919515285726376,-119.22609033042734,16064.0,BPAT,county served by one grid region,0.0
01280344153,building,Amazon Web Services,Amazon Web Services,Umatilla County,OR,41059,45.88251750222229,-119.3416517837596,218698.0,BPAT,county served by one grid region,0.0
01374895921,building,Amazon Web Services,Amazon Web Services,Umatilla County,OR,41059,45.87953253861672,-119.34163563129185,218723.0,BPAT,county served by one grid region,0.0
01374895922,building,Amazon Web Services,Amazon Web Services,Umatilla County,OR,41059,45.88252484149941,-119.3396900641125,218708.0,BPAT,county served by one grid region,0.0
01386017495,building,Amazon Web Services,Amazon Web Services,Umatilla County,OR,41059,45.80963737114029,-119.26861513231998,211502.0,BPAT,county served by one grid region,0.0
01386017496,building,Amazon Web Services,Amazon Web Services,Umatilla County,OR,41059,45.808273447298724,-119.26861305271855,212806.0,BPAT,county served by one grid region,0.0
01386017497,building,Amazon Web Services,Amazon Web Services,Umatilla County,OR,41059,45.79902106441417,-119.36173272155504,215405.0,BPAT,county served by one grid region,0.0
01386017498,building,Amazon Web Services,Amazon Web Services,Umatilla County,OR,41059,45.799686801643226,-119.35844453136586,13837.0,BPAT,county served by one grid region,0.0
01386017499,building,Amazon Web Services,Amazon Web Services,Umatilla County,OR,41059,45.79773907760564,-119.3589196247444,13867.0,BPAT,county served by one grid region,0.0
00231769626,campus,Google Data Center The Dalles Oregon,Google,Wasco County,OR,41065,45.63204799165709,-121.20130223060461,1487396.0,BPAT,county served by one grid region,0.0
00700431553,campus,Google Taylor Lake Data Center,Google,Wasco County,OR,41065,45.63852891759573,-121.20240398131145,1100932.0,BPAT,county served by one grid region,0.0
00052059176,building,NTT RagingWire Data Center,NTT,Washington County,OR,41067,45.549583992290586,-122.93739288182853,260339.0,,"not assigned: county is served by BPAT, PGE",
00325096144,building,Adobe Data Center,,Washington County,OR,41067,45.55018168886831,-122.93181213080429,89232.0,,"not assigned: county is served by BPAT, PGE",
00328702378,building,Stack Infrastructure Portland 2 Data Center,,Washington County,OR,41067,45.547311791366376,-122.89744896301694,215217.0,,"not assigned: county is served by BPAT, PGE",
00328702750,building,Digital Realty PDX10 Data Center,Digital Realty,Washington County,OR,41067,45.54761722382477,-122.89195798239217,68807.0,,"not assigned: county is served by BPAT, PGE",
00328703598,building,Flexential,Flexential,Washington County,OR,41067,45.5498209002179,-122.8908514025637,41245.0,,"not assigned: county is served by BPAT, PGE",
00328703599,building,Flexential Portland - Hillsboro 1,Flexential,Washington County,OR,41067,45.550333986427404,-122.89220172053012,44088.0,,"not assigned: county is served by BPAT, PGE",
00369728508,building,Data Center,Oregon Health & Science University,Washington County,OR,41067,45.526683793418876,-122.87550380152314,25297.0,,"not assigned: county is served by BPAT, PGE",
00471691760,building,Flexential Portland - Hillsboro 2,Flexential,Washington County,OR,41067,45.558285521867774,-122.91709178475038,214259.0,,"not assigned: county is served by BPAT, PGE",
00729192992,building,QTS Data Center Bld 1,Quality Technology Services,Washington County,OR,41067,45.558767154104125,-122.92783045218715,157854.0,,"not assigned: county is served by BPAT, PGE",
00734323663,building,Digital Realty PDX11 Data Center,Digital Realty,Washington County,OR,41067,45.56799342826786,-122.91685270250117,283056.0,,"not assigned: county is served by BPAT, PGE",
00860433344,building,Flexential Portland - Hillsboro 4,Flexential,Washington County,OR,41067,45.55520512998273,-122.93988400686503,97536.0,,"not assigned: county is served by BPAT, PGE",
00899634245,building,Stack Infrastructure Portland 3 Data Center -Bld POR3a,Stack Infrastructure,Washington County,OR,41067,45.554197103944304,-122.93791223873745,94010.0,,"not assigned: county is served by BPAT, PGE",
00909742340,building,QTS Data Center Bld 2,Quality Technology Services,Washington County,OR,41067,45.55876356137954,-122.92963139645839,172698.0,,"not assigned: county is served by BPAT, PGE",
00918871786,building,QTS Data Center Bld 3,Quality Technology Services,Washington County,OR,41067,45.55877963410689,-122.93190590213918,171585.0,,"not assigned: county is served by BPAT, PGE",
00918871787,building,QTS Data Center Bld 5,Quality Technology Services,Washington County,OR,41067,45.55880139187874,-122.93522042560193,168921.0,,"not assigned: county is served by BPAT, PGE",
00918871788,building,QTS Data Center Bld 4,Quality Technology Services,Washington County,OR,41067,45.5587812168356,-122.93294634090127,173993.0,,"not assigned: county is served by BPAT, PGE",
00918873142,building,Flexential Portland - Hillsboro 3,Flexential,Washington County,OR,41067,45.559469442156384,-122.93824742619341,337274.0,,"not assigned: county is served by BPAT, PGE",
01019812125,building,EdgeConneX Data Center,EdgeConneX,Washington County,OR,41067,45.556621303589225,-122.91221283734207,111564.0,,"not assigned: county is served by BPAT, PGE",
01080170579,building,Flexential Portland - Hillsboro 4 Expansion,Flexential,Washington County,OR,41067,45.55539062526872,-122.94108717504778,20041.0,,"not assigned: county is served by BPAT, PGE",
01080170580,building,Flexential Portland - Hillsboro 5,Flexential,Washington County,OR,41067,45.55642410414443,-122.93929618708306,180357.0,,"not assigned: county is served by BPAT, PGE",
01114969101,building,,Aligned Data Centers,Washington County,OR,41067,45.55406423294568,-122.94931170322877,155423.0,,"not assigned: county is served by BPAT, PGE",
01153935548,building,Digital Realty PDX11 Data Center,Digital Realty,Washington County,OR,41067,45.568459285228734,-122.919968912523,287848.0,,"not assigned: county is served by BPAT, PGE",
01243089554,building,Stack Infrastructure Portland 3 Data Center -Bld POR3b,Stack Infrastructure,Washington County,OR,41067,45.554215595612916,-122.93942746009343,91092.0,,"not assigned: county is served by BPAT, PGE",
01243089555,building,Stack Infrastructure Portland 3 Data Center -Bld POR3c,Stack Infrastructure,Washington County,OR,41067,45.55421716185695,-122.94093896568214,93274.0,,"not assigned: county is served by BPAT, PGE",
01465196735,campus,QTS North HIL3 North Building,Quality Technology Services,Washington County,OR,41067,45.572027578605635,-122.91848930131913,176342.0,,"not assigned: county is served by BPAT, PGE",
01465196736,campus,QTS North HIL3 South Building,Quality Technology Services,Washington County,OR,41067,45.57007707507895,-122.91989791093344,215922.0,,"not assigned: county is served by BPAT, PGE",
00168129695,building,DataBank Pittsburgh PIT2,,Allegheny County,PA,42003,40.4513685262094,-80.1901183810463,60007.0,PJM,county served by one grid region,93.4
00537807168,building,Expedient Pittsburgh South,Expedient,Allegheny County,PA,42003,40.42737727783291,-80.04253151075422,27441.0,PJM,county served by one grid region,93.4
00296374269,building,Flexential Allentown data center,Flexential,Lehigh County,PA,42077,40.635695315852814,-75.45757328328773,48995.0,PJM,county served by one grid region,93.4
00777196805,building,Allentown-TekPark,,Lehigh County,PA,42077,40.54423619107065,-75.65431290741553,146248.0,PJM,county served by one grid region,93.4
00366049843,building,Lumen Norristown,Lumen Technologies,Montgomery County,PA,42091,40.1270582669318,-75.40863781443159,34224.0,PJM,county served by one grid region,93.4
01109881281,building,TierPoint Valley Forge,TierPoint,Montgomery County,PA,42091,40.12187904293604,-75.42087693876488,62375.0,PJM,county served by one grid region,93.4
01178609569,building,Flexential Philadelphia - Collegeville,Flexential,Montgomery County,PA,42091,40.15222044689243,-75.47762899857408,110941.0,PJM,county served by one grid region,93.4
13409186015,point,DāStor: 3400 Horizon Drive,,Montgomery County,PA,42091,40.087918900000005,-75.3397205,,PJM,county served by one grid region,93.4
00334264478,building,Terminal Commerce Building,,Philadelphia County,PA,42101,39.959809526359834,-75.16083249176855,119659.0,PJM,county served by one grid region,93.4
10014176940,point,Microsoft,Microsoft,Guaynabo Municipio,PR,72061,18.41743590000001,-66.10898950000002,,,not found: no utility to grid record for this county,
00365941471,building,,Claro,San Juan Municipio,PR,72127,18.446826968330527,-66.0516872147712,23137.0,,not found: no utility to grid record for this county,
01312295357,campus,Meta Aiken Data Center,Meta,Aiken County,SC,45003,33.642273149086826,-81.84262698059472,3608146.0,SC,county served by one grid region,100.0
00610827836,building,Google,Google,Berkeley County,SC,45015,33.064272175156404,-80.04145344691864,146623.0,SC,county served by one grid region,100.0
00626226408,campus,Google Berkeley County Data Center,Google,Berkeley County,SC,45015,33.06378014460109,-80.04215854242156,8310940.0,SC,county served by one grid region,100.0
01069388067,building,,Google,Berkeley County,SC,45015,33.06202195137125,-80.03831641068669,182645.0,SC,county served by one grid region,100.0
01069388075,building,Google,Google,Berkeley County,SC,45015,33.06217398793264,-80.03966007767937,181261.0,SC,county served by one grid region,100.0
01069388095,building,Google,Google,Berkeley County,SC,45015,33.0620532330343,-80.041154478933,206252.0,SC,county served by one grid region,100.0
01069388141,building,Google,Google,Berkeley County,SC,45015,33.064311956552835,-80.03845634859405,181645.0,SC,county served by one grid region,100.0
01069388147,building,Google,Google,Berkeley County,SC,45015,33.06643643704493,-80.0384282206963,131216.0,SC,county served by one grid region,100.0
01069388156,building,Google,Google,Berkeley County,SC,45015,33.06415660970066,-80.0435751320087,249320.0,SC,county served by one grid region,100.0
01069388186,building,Google,Google,Berkeley County,SC,45015,33.062000589098496,-80.04505685925874,697831.0,SC,county served by one grid region,100.0
01069388211,building,Google,Google,Berkeley County,SC,45015,33.064434801539036,-80.04606755156347,145533.0,SC,county served by one grid region,100.0
01320038649,building,DC BLOX Myrtle Beach Cable Landing Station,,Horry County,SC,45051,33.674583221801456,-78.94369603285817,91946.0,,"not assigned: county is served by CPLE, SC",
00239032142,building,TierPoint Sioux Falls West Data Center,,Minnehaha County,SD,46099,43.60697077791878,-96.80919489840309,55963.0,,"not assigned: county is served by MISO, SWPP",
00545895086,building,ADP South Dakota,,Minnehaha County,SD,46099,43.59991456599551,-96.79470699634727,243125.0,,"not assigned: county is served by MISO, SWPP",
00533842335,building,,,Davidson County,TN,47037,36.14048086552297,-86.76414722152771,10355.0,TVA,county served by one grid region,55.3
00819981888,building,,,Davidson County,TN,47037,36.03268133759001,-86.63779793677823,93318.0,TVA,county served by one grid region,55.3
00894425613,building,,BNYM,Davidson County,TN,47037,36.21535165955505,-86.78368364527593,191585.0,TVA,county served by one grid region,55.3
00904453635,building,,,Grainger County,TN,47057,36.328073950553836,-83.37670351660657,1232.0,TVA,county served by one grid region,55.3
01459680304,campus,Newrays Two LLC Mining,,Henry County,TN,47079,36.3270316008224,-88.32007315006497,85491.0,,not found: no utility to grid record for this county,
00708931343,campus,Google Montgomery Data Center,Google LLC,Montgomery County,TN,47125,36.628576033072235,-87.2600112195247,26612163.0,TVA,county served by one grid region,55.3
00844389014,building,Google,Google,Montgomery County,TN,47125,36.62458167653138,-87.26129639057423,169736.0,TVA,county served by one grid region,55.3
01103333136,building,Google,Google,Montgomery County,TN,47125,36.62483034098189,-87.26351478308135,169733.0,TVA,county served by one grid region,55.3
01103333137,building,SPC3A,Google,Montgomery County,TN,47125,36.62430276342711,-87.25902652953205,169748.0,TVA,county served by one grid region,55.3
01470261550,building,SPC4A,Google,Montgomery County,TN,47125,36.62405506342714,-87.25691732953204,169749.0,TVA,county served by one grid region,55.3
10648552506,point,Frontier (supercomputer),Oak Ridge National Laboratory,Roane County,TN,47145,35.92951329999998,-84.310567,,TVA,county served by one grid region,55.3
01381264361,building,xAI Colossus,,Shelby County,TN,47157,35.05996022239821,-90.15645222216364,776966.0,TVA,county served by one grid region,55.3
01386926534,building,xAI Macrohard Colossus 2,xAI,Shelby County,TN,47157,34.997983048006375,-90.03486737827305,961601.0,TVA,county served by one grid region,55.3
01213758201,campus,Gallatin Data Center,Meta,Sumner County,TN,47165,36.408653770477216,-86.37031411803846,17045005.0,TVA,county served by one grid region,55.3
01294595615,building,Meta Gallatin Data Center,Meta,Sumner County,TN,47165,36.411865445114714,-86.36966140352041,626571.0,TVA,county served by one grid region,55.3
01312795639,building,Meta Gallatin Data Center,Meta,Sumner County,TN,47165,36.41135065140836,-86.3660125010422,626568.0,TVA,county served by one grid region,55.3
01312795640,building,Meta Gallatin Data Center,Meta,Sumner County,TN,47165,36.40604868216981,-86.36660783519794,626683.0,TVA,county served by one grid region,55.3
00819981908,campus,TierPoint,,Williamson County,TN,47187,35.92450968308544,-86.85568727257493,285740.0,TVA,county served by one grid region,55.3
00826001605,campus,,,Williamson County,TN,47187,36.02321854497319,-86.7915321749878,1834566.0,TVA,county served by one grid region,55.3
00942604537,building,Flexential Nashville - Franklin,Flexential,Williamson County,TN,47187,35.92045930433349,-86.81557369600324,74934.0,TVA,county served by one grid region,55.3
01210515186,building,Flexential Nashville - Cool Springs,Flexential,Williamson County,TN,47187,35.9510406627101,-86.83338099610178,69261.0,TVA,county served by one grid region,55.3
12112295055,point,Flexential Nashville - Brentwood,Flexential,Williamson County,TN,47187,35.972729399999956,-86.8084949,,TVA,county served by one grid region,55.3
01457383500,building,,,Angelina County,TX,48005,31.194175662576733,-94.79677175730814,12987.0,,"not assigned: county is served by ERCO, MISO",
00102129663,building,H5 Data Centers San Antonio,H5 Data Centers,Bexar County,TX,48029,29.429371203549056,-98.4869063933119,20898.0,ERCO,county served by one grid region,58.6
00254742608,building,,,Bexar County,TX,48029,29.44667420261524,-98.64069026748369,127563.0,ERCO,county served by one grid region,58.6
00254742609,building,,,Bexar County,TX,48029,29.44792213625347,-98.64112862038242,142712.0,ERCO,county served by one grid region,58.6
00254742610,building,,,Bexar County,TX,48029,29.447199009365736,-98.64099341797508,36014.0,ERCO,county served by one grid region,58.6
00319857331,building,Lumen San Antonio 2,Lumen Technologies,Bexar County,TX,48029,29.438279094436894,-98.50652172672935,12722.0,ERCO,county served by one grid region,58.6
00364289073,building,Microsoft,Microsoft,Bexar County,TX,48029,29.478216376231007,-98.69072125219773,258191.0,ERCO,county served by one grid region,58.6
00364289074,building,Microsoft San Antonio,Microsoft,Bexar County,TX,48029,29.479925996060736,-98.69260809155041,478642.0,ERCO,county served by one grid region,58.6
00364289077,building,Microsoft,Microsoft,Bexar County,TX,48029,29.48106634167372,-98.69655923476323,194916.0,ERCO,county served by one grid region,58.6
00509611414,campus,Texas Cryptologic Center,National Security Agency,Bexar County,TX,48029,29.447408414068715,-98.64068795395536,465165.0,ERCO,county served by one grid region,58.6
00509611423,building,Lowe's Data Center,Lowe's,Bexar County,TX,48029,29.472846040284345,-98.68954665082217,55066.0,ERCO,county served by one grid region,58.6
00509611426,building,,CHRISTUS Health,Bexar County,TX,48029,29.470344479093157,-98.68620953197289,48815.0,ERCO,county served by one grid region,58.6
00509611429,building,,Frost Bank,Bexar County,TX,48029,29.470223440456333,-98.68765019924955,68591.0,ERCO,county served by one grid region,58.6
00509611432,building,CyrusOne San Antonio I,CyrusOne,Bexar County,TX,48029,29.46655501468974,-98.68811007066918,102327.0,ERCO,county served by one grid region,58.6
00509611436,building,Valero Wiserman,Valero,Bexar County,TX,48029,29.474285413407838,-98.68006447609893,58304.0,ERCO,county served by one grid region,58.6
00509611437,building,Stream San Antonio II,,Bexar County,TX,48029,29.472016548814928,-98.67173678230641,71324.0,ERCO,county served by one grid region,58.6
00509611438,building,CyrusOne San Antonio II,CyrusOne,Bexar County,TX,48029,29.47084945067936,-98.67299896081857,108554.0,ERCO,county served by one grid region,58.6
00509611439,building,CyrusOne San Antonio III,CyrusOne,Bexar County,TX,48029,29.47004426742346,-98.67219273225999,100537.0,ERCO,county served by one grid region,58.6
00639176155,building,Microsoft TRP2,Microsoft,Bexar County,TX,48029,29.41195432542485,-98.80398520347534,169781.0,ERCO,county served by one grid region,58.6
00639176157,building,Microsoft TRP1,Microsoft,Bexar County,TX,48029,29.41201232003809,-98.80273022506277,177468.0,ERCO,county served by one grid region,58.6
01010260674,building,,,Bexar County,TX,48029,29.418988042416917,-98.78747099882361,109489.0,ERCO,county served by one grid region,58.6
01010260676,building,Microsoft,Microsoft,Bexar County,TX,48029,29.41579676372189,-98.80331595094908,228882.0,ERCO,county served by one grid region,58.6
01010260677,building,Microsoft,Microsoft,Bexar County,TX,48029,29.415795638786996,-98.80451479994059,228885.0,ERCO,county served by one grid region,58.6
01081973944,building,QTS San Antonio II,Quality Technology Services,Bexar County,TX,48029,29.4491563911304,-98.65314490826424,140321.0,ERCO,county served by one grid region,58.6
01121592786,building,CyrusOne San Antonio IV,,Bexar County,TX,48029,29.470679241649435,-98.67062972115531,92543.0,ERCO,county served by one grid region,58.6
01296723872,building,GVTC,GVTC,Bexar County,TX,48029,29.68640301722139,-98.4626474985889,445.0,ERCO,county served by one grid region,58.6
01310628998,building,,HEB,Bexar County,TX,48029,29.580141455082334,-98.54132736832202,36241.0,ERCO,county served by one grid region,58.6
01344366214,campus,CyrusOne SAT10 & SAT11,CyrusOne,Bexar County,TX,48029,29.418348645320783,-98.78780547219755,934177.0,ERCO,county served by one grid region,58.6
01344369104,building,Amazon,,Bexar County,TX,48029,29.450736236167327,-98.63871379564972,104910.0,ERCO,county served by one grid region,58.6
01344369111,building,,,Bexar County,TX,48029,29.41845384292862,-98.788807852764,64212.0,ERCO,county served by one grid region,58.6
01432637060,building,,,Bexar County,TX,48029,29.449680291111807,-98.71438661856558,154443.0,ERCO,county served by one grid region,58.6
01432637061,building,,,Bexar County,TX,48029,29.450930841457122,-98.71389142350314,154441.0,ERCO,county served by one grid region,58.6
01432637062,building,,,Bexar County,TX,48029,29.452230540342494,-98.71404701630988,154439.0,ERCO,county served by one grid region,58.6
01460861317,building,Amazon AWS SAT - 12807 Donop,Amazon Web Services,Bexar County,TX,48029,29.293005176230842,-98.39162546590185,110391.0,ERCO,county served by one grid region,58.6
00254773884,building,,,Collin County,TX,48085,33.09599431363361,-96.68156543918735,121665.0,ERCO,county served by one grid region,58.6
00254773897,building,Evoque Allen DA1,Centersquare,Collin County,TX,48085,33.09506355613131,-96.68376373847303,114534.0,ERCO,county served by one grid region,58.6
00373913881,building,Cisco Allen,,Collin County,TX,48085,33.135980195526706,-96.66095239322138,162023.0,ERCO,county served by one grid region,58.6
00483286527,building,,,Collin County,TX,48085,33.00929860932998,-96.6765444557892,108401.0,ERCO,county served by one grid region,58.6
00483307714,building,Tierpoint Dallas-Allen,,Collin County,TX,48085,33.137934223084564,-96.65737558964423,30651.0,ERCO,county served by one grid region,58.6
00548184239,building,Flexential Dallas - Richardson,Flexential,Collin County,TX,48085,32.99481331799373,-96.7525015956488,68520.0,ERCO,county served by one grid region,58.6
00549418041,building,Experian McKinney Data Center,,Collin County,TX,48085,33.17179580069162,-96.72550500041572,76624.0,ERCO,county served by one grid region,58.6
00590213770,building,,,Collin County,TX,48085,33.13780536915544,-96.65592593395881,33064.0,ERCO,county served by one grid region,58.6
00590213771,building,CyrusOne Allen,CyrusOne,Collin County,TX,48085,33.13852055876386,-96.65995157388973,271378.0,ERCO,county served by one grid region,58.6
00597835788,building,Stream DFW IV,Stream,Collin County,TX,48085,33.000144175089304,-96.66164643777843,19684.0,ERCO,county served by one grid region,58.6
00650412346,building,Flexential Dallas - Plano,Flexential,Collin County,TX,48085,33.00705207090953,-96.66635359923826,217850.0,ERCO,county served by one grid region,58.6
00714120969,campus,DataBank Plano Data Center,,Collin County,TX,48085,33.08756902002124,-96.81513069944252,375691.0,ERCO,county served by one grid region,58.6
00931729011,campus,,,Collin County,TX,48085,33.00895262021403,-96.67610355446038,605006.0,ERCO,county served by one grid region,58.6
00028544618,building,Equinix Infomart,Equinix,Dallas County,TX,48113,32.800943222986994,-96.81951054637986,239835.0,ERCO,county served by one grid region,58.6
00030827429,building,DataBank,,Dallas County,TX,48113,32.77830147632332,-96.79843729449847,43564.0,ERCO,county served by one grid region,58.6
00290703004,building,CoreSpace Dallas,CoreSpace,Dallas County,TX,48113,32.81755909182154,-96.87306493151617,31626.0,ERCO,county served by one grid region,58.6
00465032201,building,Lumen Dallas - 3180 Irving Blvd.,Lumen Technologies,Dallas County,TX,48113,32.806954885472585,-96.86858877539873,80859.0,ERCO,county served by one grid region,58.6
00465032380,building,Prime DFW01-01,Prime,Dallas County,TX,48113,32.83796688361756,-96.87839306215342,88881.0,ERCO,county served by one grid region,58.6
00465032484,building,Lumen Dallas 6,Lumen Technologies,Dallas County,TX,48113,32.82799793180718,-96.88438205812223,12977.0,ERCO,county served by one grid region,58.6
00465032487,building,Digital Realty DFW36,Digital Realty,Dallas County,TX,48113,32.82754986077816,-96.87374979541197,24499.0,ERCO,county served by one grid region,58.6
00465032631,building,DataBank Dallas Empire Central Data Center,DataBank,Dallas County,TX,48113,32.82173820429836,-96.87359763406623,67717.0,ERCO,county served by one grid region,58.6
00465042594,building,TierPoint Dallas Data Center,TierPoint,Dallas County,TX,48113,32.807972677629614,-96.85735461854576,71358.0,ERCO,county served by one grid region,58.6
00471658485,building,Live Oak Data Center,,Dallas County,TX,48113,32.78371232090692,-96.79457490220035,49853.0,ERCO,county served by one grid region,58.6
00526806006,building,QTS Irving - Dallas Data Center Campus,Quality Technology Services,Dallas County,TX,48113,32.89728320232041,-96.98278763369082,306213.0,ERCO,county served by one grid region,58.6
00597876719,building,Rackspace Richardson DFW3,Rackspace,Dallas County,TX,48113,32.96478869284149,-96.71587662115734,112950.0,ERCO,county served by one grid region,58.6
00597876721,building,Digital Realty Dallas DFW17,Digital Realty,Dallas County,TX,48113,32.966281179214505,-96.71321200734354,83615.0,ERCO,county served by one grid region,58.6
00597876722,building,Digital Realty Dallas DFW29,Digital Realty,Dallas County,TX,48113,32.96723267704503,-96.71054642217494,122436.0,ERCO,county served by one grid region,58.6
00597876723,building,,,Dallas County,TX,48113,32.96625357197764,-96.71119611224063,62460.0,ERCO,county served by one grid region,58.6
00597876724,building,Digital Realty Dallas DFW28,Digital Realty,Dallas County,TX,48113,32.96724066068804,-96.7133081589403,122015.0,ERCO,county served by one grid region,58.6
00597876726,building,Digital Realty Dallas DFW35,Digital Realty,Dallas County,TX,48113,32.96504621467304,-96.71029113488274,116539.0,ERCO,county served by one grid region,58.6
00597876730,building,Digital Realty Dallas DFW18,Digital Realty,Dallas County,TX,48113,32.96520380450456,-96.71260861653485,222335.0,ERCO,county served by one grid region,58.6
00597876798,building,Digital Realty Dallas DFW16,Digital Realty,Dallas County,TX,48113,32.96607650613046,-96.71558720321119,109470.0,ERCO,county served by one grid region,58.6
01177794153,building,,,Dallas County,TX,48113,32.89476229626733,-96.98194594256125,141788.0,ERCO,county served by one grid region,58.6
01300765126,building,Stream Data Centers,,Dallas County,TX,48113,32.9836681552358,-96.65427329455417,280635.0,ERCO,county served by one grid region,58.6
01461896928,building,Prime DFW01-01,Prime,Dallas County,TX,48113,32.83781408062895,-96.87984573921815,49683.0,ERCO,county served by one grid region,58.6
06856057098,point,VIRTBIZ,,Dallas County,TX,48113,32.7825463,-96.7828145,,ERCO,county served by one grid region,58.6
12112238944,point,Flexential Dallas - Downtown Dallas,Flexential,Dallas County,TX,48113,32.800410099999986,-96.8193707,,ERCO,county served by one grid region,58.6
13465438761,point,Rad Web Hosting,,Dallas County,TX,48113,32.778446900000006,-96.798496,,ERCO,county served by one grid region,58.6
00507673418,building,CITIGROUP TECHNOLOGY INC,,Denton County,TX,48121,33.00638147848431,-97.24529013457189,242536.0,ERCO,county served by one grid region,58.6
00815078625,building,Charles Schwab Data Center,,Denton County,TX,48121,33.004502129194734,-97.24615495491396,79688.0,ERCO,county served by one grid region,58.6
00844386860,building,Google,Google,Ellis County,TX,48139,32.44212970719258,-97.06248797347524,144574.0,ERCO,county served by one grid region,58.6
00844386861,building,Google,Google,Ellis County,TX,48139,32.44355545089075,-97.06333284249686,138230.0,ERCO,county served by one grid region,58.6
00850965775,building,Compass Data Center,,Ellis County,TX,48139,32.53872184532015,-96.804396257992,41692.0,ERCO,county served by one grid region,58.6
01426525184,building,Google,Google,Ellis County,TX,48139,32.5389942949367,-96.79316889732078,288830.0,ERCO,county served by one grid region,58.6
01426525212,building,Compass Data Center,,Ellis County,TX,48139,32.54551791172823,-96.80209872095472,248978.0,ERCO,county served by one grid region,58.6
01426525213,building,Compass Data Center,,Ellis County,TX,48139,32.54420541262749,-96.80208059236521,248985.0,ERCO,county served by one grid region,58.6
01426525214,building,Compass Data Center,,Ellis County,TX,48139,32.542912612627966,-96.80208539236521,248988.0,ERCO,county served by one grid region,58.6
01426525215,building,Compass Data Center,,Ellis County,TX,48139,32.541602011729644,-96.80209902095476,248989.0,ERCO,county served by one grid region,58.6
01426525216,building,Compass Data Center,,Ellis County,TX,48139,32.54029016067398,-96.80210588253378,247998.0,ERCO,county served by one grid region,58.6
01426525217,building,Compass Data Center,,Ellis County,TX,48139,32.54267431004566,-96.79361041648711,251939.0,ERCO,county served by one grid region,58.6
01426525218,building,Compass Data Center,,Ellis County,TX,48139,32.54399253578879,-96.7936108455581,251912.0,ERCO,county served by one grid region,58.6
01426525219,building,Compass Data Center,,Ellis County,TX,48139,32.54529698511378,-96.79364757119879,251911.0,ERCO,county served by one grid region,58.6
01426525220,building,Compass Data Center,,Ellis County,TX,48139,32.543965285497585,-96.7885069389561,251923.0,ERCO,county served by one grid region,58.6
01426525221,building,Compass Data Center,,Ellis County,TX,48139,32.545296653507904,-96.7884905818255,251941.0,ERCO,county served by one grid region,58.6
01458626323,building,Google,Google,Ellis County,TX,48139,32.44011676786547,-97.06091510587594,282284.0,ERCO,county served by one grid region,58.6
00487170215,building,,DXC Technology,Harris County,TX,48201,30.018697853415755,-95.86367622394388,352246.0,,"not assigned: county is served by ERCO, MISO",
00543316327,building,,DXC Technology,Harris County,TX,48201,29.99520064778405,-95.56325379028314,264173.0,,"not assigned: county is served by ERCO, MISO",
00543404966,building,,DXC Technology,Harris County,TX,48201,29.997307161324283,-95.56398536553905,113970.0,,"not assigned: county is served by ERCO, MISO",
00587103676,building,,,Harris County,TX,48201,29.82150611372374,-95.57078462369283,98195.0,,"not assigned: county is served by ERCO, MISO",
00671838900,building,Rice Data Center,,Harris County,TX,48201,29.65814636487484,-95.44332796622497,25487.0,,"not assigned: county is served by ERCO, MISO",
00714776107,campus,Skybox Houston One,Skybox,Harris County,TX,48201,29.80286842346413,-95.75545033077461,344540.0,,"not assigned: county is served by ERCO, MISO",
01301559332,campus,MARA Data Center,Marathon Digital Holdings,Hood County,TX,48221,32.34174517429652,-97.73122803004239,1768886.0,ERCO,county served by one grid region,58.6
01010260675,building,Microsoft TRP3 (SAT46),Microsoft,Medina County,TX,48325,29.412976988788397,-98.80637444993899,228897.0,ERCO,county served by one grid region,58.6
01450418654,campus,Riot Rockdale,,Milam County,TX,48331,30.57331452461579,-97.08018498547703,4357993.0,,"not assigned: county is served by ERCO, MISO",
00744177375,building,,,Montgomery County,TX,48339,30.17778285074309,-95.48652634626161,126121.0,,"not assigned: county is served by ERCO, MISO",
09190480200,point,Stream Data Centers Houston,,Montgomery County,TX,48339,30.178136500000015,-95.4860464,,,"not assigned: county is served by ERCO, MISO",
01450422488,campus,Riot Corsiana,,Navarro County,TX,48349,31.969859243171552,-96.51328904143112,11717820.0,ERCO,county served by one grid region,58.6
00025706343,building,Cyxtera Dallas-Fort Worth Data Center,Cyxtera,Tarrant County,TX,48439,32.83271789571454,-97.0410416432689,309104.0,ERCO,county served by one grid region,58.6
00500820007,building,Facebook Fort Worth Datacenter,Meta,Tarrant County,TX,48439,32.98378403788744,-97.25934313221771,634395.0,ERCO,county served by one grid region,58.6
00507673437,building,QTS Data Center,Quality Technology Services,Tarrant County,TX,48439,32.98885535912591,-97.25920173475927,277996.0,ERCO,county served by one grid region,58.6
00673145182,building,Facebook Fort Worth Datacenter,Meta,Tarrant County,TX,48439,32.984993663270515,-97.25507514509351,435206.0,ERCO,county served by one grid region,58.6
00815057182,building,Facebook Fort Worth Datacenter,Meta,Tarrant County,TX,48439,32.98829583281708,-97.2554600255551,753193.0,ERCO,county served by one grid region,58.6
00989325195,building,Verizon Wireless Mew Building,,Tarrant County,TX,48439,32.97215494101558,-97.15661083483384,176383.0,ERCO,county served by one grid region,58.6
01227550179,building,Novartis,,Tarrant County,TX,48439,32.65123418104135,-97.31970940523344,42691.0,ERCO,county served by one grid region,58.6
01443620406,building,Alinged Data Center,"Aligned Data Centers, LLC",Tarrant County,TX,48439,32.54982270825038,-97.07485524976093,188257.0,ERCO,county served by one grid region,58.6
00379195054,building,Lumen Austin 3,Lumen Technologies,Travis County,TX,48453,30.261396172131168,-97.72359737399289,5068.0,ERCO,county served by one grid region,58.6
00379199519,building,Alpheus DataCenter,Alpheus,Travis County,TX,48453,30.261043226760542,-97.72210231000722,36089.0,ERCO,county served by one grid region,58.6
00379204279,building,Digital Realty Austin AUS11,,Travis County,TX,48453,30.21217551197644,-97.6957806400088,79985.0,ERCO,county served by one grid region,58.6
00379204643,building,LightEdge Austin II,,Travis County,TX,48453,30.200676320425476,-97.70704415374419,86445.0,ERCO,county served by one grid region,58.6
00379204766,building,CyrusOne Austin Data Center II,,Travis County,TX,48453,30.205929677925745,-97.69796494527762,77356.0,ERCO,county served by one grid region,58.6
00379205427,building,Data Foundry Austin 1 Data Center,,Travis County,TX,48453,30.215503976280193,-97.69607393452047,50461.0,ERCO,county served by one grid region,58.6
00382785871,building,LightEdge Austin I,,Travis County,TX,48453,30.21429715095225,-97.71266756573961,30876.0,ERCO,county served by one grid region,58.6
00383888101,building,Lumen Austin 1,,Travis County,TX,48453,30.196499004972576,-97.71239983833573,74722.0,ERCO,county served by one grid region,58.6
00383888914,building,Data Foundry - Texas 1,,Travis County,TX,48453,30.198926082371674,-97.71378843935518,137095.0,ERCO,county served by one grid region,58.6
00384396017,building,Element Critical,,Travis County,TX,48453,30.342800020345656,-97.69617577010003,61978.0,ERCO,county served by one grid region,58.6
00455171103,building,CyrusOne Austin Data Center III,,Travis County,TX,48453,30.206993743520524,-97.7011142781365,189921.0,ERCO,county served by one grid region,58.6
00570397131,building,Thin-nology,,Travis County,TX,48453,30.421141229242764,-97.59160304354108,9209.0,ERCO,county served by one grid region,58.6
00577628941,building,Data Foundry - Texas 2,,Travis County,TX,48453,30.19958813781982,-97.71307641626001,104857.0,ERCO,county served by one grid region,58.6
00713411278,campus,,,Travis County,TX,48453,30.207137561725276,-97.70066952274375,505061.0,ERCO,county served by one grid region,58.6
00713411279,campus,,,Travis County,TX,48453,30.205950600248734,-97.69793314800336,249430.0,ERCO,county served by one grid region,58.6
01221574918,building,Cortex supercomputer,,Travis County,TX,48453,30.21539943501369,-97.61896045736678,427833.0,ERCO,county served by one grid region,58.6
01455361421,building,IONIC Digital Cedarvale,IONIC Digital,Ward County,TX,48475,31.513473610030374,-103.44862076924288,2238928.0,ERCO,county served by one grid region,58.6
00747985149,building,,,Wichita County,TX,48485,33.95337794611651,-98.52473125692119,39127.0,,"not assigned: county is served by ERCO, SWPP",
00240724127,building,eBay,,Salt Lake County,UT,49035,40.5637493311281,-112.04772494385753,183167.0,PACE,county served by one grid region,75.2
00355926681,building,Flexential Salt Lake City - South Valley,Flexential,Salt Lake County,UT,49035,40.62035188350187,-111.98604691692421,30547.0,PACE,county served by one grid region,75.2
00729696933,building,Flexential Salt Lake City - Downtown,Flexential,Salt Lake County,UT,49035,40.756306581410776,-111.95483766374481,63362.0,PACE,county served by one grid region,75.2
00931732650,building,Ebay,,Salt Lake County,UT,49035,40.56409515233066,-112.05062821391914,146408.0,PACE,county served by one grid region,75.2
01056658555,building,Flexential Salt Lake City - Millcreek,Flexential,Salt Lake County,UT,49035,40.68552518346084,-111.88504405838351,28092.0,PACE,county served by one grid region,75.2
01121188409,building,Flexential Salt Lake City - Fair Park,Flexential,Salt Lake County,UT,49035,40.76678608763819,-111.92029244663202,12565.0,PACE,county served by one grid region,75.2
00611308188,building,Strata Networks,,Uintah County,UT,49047,40.456593451731784,-109.52899881097022,12971.0,WACM,county served by one grid region,95.0
01024051963,building,Meta Eagle Mountain Data Center,Meta,Utah County,UT,49049,40.26828850505122,-112.01507681579746,344790.0,PACE,county served by one grid region,75.2
01024051997,building,Meta Eagle Mountain Data Center,Meta,Utah County,UT,49049,40.2655639892377,-112.01512736677897,626371.0,PACE,county served by one grid region,75.2
01035123473,building,Meta Eagle Mountain Data Center,Meta,Utah County,UT,49049,40.27233431054834,-112.01505471830352,628165.0,PACE,county served by one grid region,75.2
01035123482,campus,Meta Eagle Mountain Data Center,,Utah County,UT,49049,40.26819070295294,-112.01771937397096,22734233.0,PACE,county served by one grid region,75.2
01473440674,building,,,Utah County,UT,49049,40.26585616535565,-112.0194203234161,378788.0,PACE,county served by one grid region,75.2
01473440676,building,,,Utah County,UT,49049,40.26987560376367,-112.01945256629081,310201.0,PACE,county served by one grid region,75.2
12112382397,point,Flexential Salt Lake City - Lindon,Flexential,Utah County,UT,49049,40.33264800000003,-111.7278754,,PACE,county served by one grid region,75.2
00835601088,building,Lumen,Lumen Technologies,Washington County,UT,49053,37.062799199655686,-113.54474869182133,1833.0,,"not assigned: county is served by PACE, WACM",
00450078003,campus,Equinix CU2,Equinix,Culpeper County,VA,51047,38.454936889103365,-77.97818714607277,1299936.0,PJM,county served by one grid region,93.4
00079158387,building,VA3,Digital Realty,Fairfax County,VA,51059,38.94846385493133,-77.32729535242555,96241.0,,not found: no utility to grid record for this county,
00079159494,building,IAD1,Evocative,Fairfax County,VA,51059,38.94881628378597,-77.32940997255484,19325.0,,not found: no utility to grid record for this county,
00079298926,building,CoreSite Reston Campus VA1,CoreSite,Fairfax County,VA,51059,38.95058588448764,-77.36454759512179,138035.0,,not found: no utility to grid record for this county,
00079818498,building,CoreSite Reston VA3,CoreSite,Fairfax County,VA,51059,38.94846756695561,-77.37236980053557,249707.0,,not found: no utility to grid record for this county,
00156468497,building,,,Fairfax County,VA,51059,38.913701962686964,-77.2258381321817,19578.0,,not found: no utility to grid record for this county,
00221897579,building,Equinix DC97,,Fairfax County,VA,51059,38.96157142283795,-77.37742307519908,43991.0,,not found: no utility to grid record for this county,
00239147373,building,Lumen McLean,Lumen Technologies,Fairfax County,VA,51059,38.920020715978985,-77.21161871839628,42056.0,,not found: no utility to grid record for this county,
00239147724,building,DataBank McLean IAD2,DataBank,Fairfax County,VA,51059,38.919905150298106,-77.21358499990595,22957.0,,not found: no utility to grid record for this county,
00251716328,building,Digital Realty,Digital Realty,Fairfax County,VA,51059,38.910132702732945,-77.47258021616551,72337.0,,not found: no utility to grid record for this county,
00258343744,building,Amazon IAD-9,Amazon Web Services,Fairfax County,VA,51059,38.89965169321406,-77.453440411722,85855.0,,not found: no utility to grid record for this county,
00258343748,building,Amazon IAD22,,Fairfax County,VA,51059,38.89790175442311,-77.45510184070243,30140.0,,not found: no utility to grid record for this county,
00258343749,building,Amazon IAD-1,Amazon Web Services,Fairfax County,VA,51059,38.897859142125064,-77.45407518694847,93882.0,,not found: no utility to grid record for this county,
00258519934,building,,,Fairfax County,VA,51059,38.90924510953836,-77.47224542805822,43330.0,,not found: no utility to grid record for this county,
00258519959,building,,,Fairfax County,VA,51059,38.90979813235743,-77.47346579109487,32222.0,,not found: no utility to grid record for this county,
00260996040,building,,,Fairfax County,VA,51059,38.750816595369955,-77.19627275728058,56049.0,,not found: no utility to grid record for this county,
00368724474,building,Equinix DC7,Equinix,Fairfax County,VA,51059,38.90913922220713,-77.22055679495352,79709.0,,not found: no utility to grid record for this county,
00368724479,building,Element Critical VA1,,Fairfax County,VA,51059,38.9083675000258,-77.21974420009786,20483.0,,not found: no utility to grid record for this county,
01134104431,building,CoreSite Reston Campus VA2,CoreSite,Fairfax County,VA,51059,38.95145144209857,-77.3640040682946,40517.0,,not found: no utility to grid record for this county,
01252196797,building,Amazon Web Services,Amazon Web Services,Fairfax County,VA,51059,38.90434587232984,-77.45247339430483,120946.0,,not found: no utility to grid record for this county,
01252196798,building,Amazon Web Services,Amazon Web Services,Fairfax County,VA,51059,38.90483706376053,-77.45475996912757,118988.0,,not found: no utility to grid record for this county,
01343764880,building,,,Fairfax County,VA,51059,38.92277280028818,-77.42787142077401,135479.0,,not found: no utility to grid record for this county,
01343764881,building,,,Fairfax County,VA,51059,38.921124573021366,-77.42655352213022,130413.0,,not found: no utility to grid record for this county,
01343764882,building,,,Fairfax County,VA,51059,38.9226915826871,-77.42630675543383,132753.0,,not found: no utility to grid record for this county,
01426663252,building,,,Fairfax County,VA,51059,38.92310082624394,-77.42497941796181,113584.0,,not found: no utility to grid record for this county,
01426663253,building,,,Fairfax County,VA,51059,38.936479140978506,-77.42469054341261,131768.0,,not found: no utility to grid record for this county,
07985753364,point,8100 Boone Boulevard,Digital Realty,Fairfax County,VA,51059,38.91372360000001,-77.2258825,,,not found: no utility to grid record for this county,
09669639033,point,Lumen McLean,Lumen Technologies,Fairfax County,VA,51059,38.920853799999996,-77.2115713,,,not found: no utility to grid record for this county,
00225745958,building,OVH US East Vint Hill,,Fauquier County,VA,51061,38.747444697578814,-77.67445377449387,85783.0,PJM,county served by one grid region,93.4
01380114462,building,,,Fauquier County,VA,51061,38.73721263324728,-77.82624892405599,59703.0,PJM,county served by one grid region,93.4
01380114463,building,,,Fauquier County,VA,51061,38.73822200703171,-77.82580618898835,107125.0,PJM,county served by one grid region,93.4
00840582927,campus,Middletown Data Center,,Frederick County,VA,51069,39.017644447296405,-78.29095951194115,273198.0,PJM,county served by one grid region,93.4
00876120402,campus,DBT Data - Harrisonburg Center,,Harrisonburg city,VA,51660,38.46254477041857,-78.8567969651793,505755.0,PJM,county served by one grid region,93.4
00014997588,campus,Meta Henrico Data Center,Meta,Henrico County,VA,51087,37.482763284885785,-77.23645509442149,4671056.0,PJM,county served by one grid region,93.4
00257581364,building,Flexential - Richmond,Flexential,Henrico County,VA,51087,37.64689021155886,-77.4386951674598,39778.0,PJM,county served by one grid region,93.4
00688722307,campus,Bank of America Data Center,,Henrico County,VA,51087,37.49580861055279,-77.23828608770066,2209960.0,PJM,county served by one grid region,93.4
00708155014,campus,QTS Richmond Data Center,Quality Technology Services,Henrico County,VA,51087,37.48900065235947,-77.24588647315302,3801096.0,PJM,county served by one grid region,93.4
00762116506,building,Meta Henrico Data Center,Meta,Henrico County,VA,51087,37.483928208517945,-77.23731114669016,588189.0,PJM,county served by one grid region,93.4
01030970564,building,Meta Henrico Data Center,Meta,Henrico County,VA,51087,37.481963263600264,-77.23380499305182,327920.0,PJM,county served by one grid region,93.4
01132541700,building,Meta Henrico Data Center,Meta,Henrico County,VA,51087,37.47784537590615,-77.22645499748526,604696.0,PJM,county served by one grid region,93.4
00048242814,building,Amazon IAD10,Amazon Web Services,Loudoun County,VA,51107,39.0216455535984,-77.43287558139869,112726.0,PJM,county served by one grid region,93.4
00048242816,building,Amazon IAD32,Amazon Web Services,Loudoun County,VA,51107,39.021569324291804,-77.43479445422666,35700.0,PJM,county served by one grid region,93.4
00052094269,building,Centersquare IAD1-B,Centersquare,Loudoun County,VA,51107,39.02390730425034,-77.41518975933123,79070.0,PJM,county served by one grid region,93.4
00052094270,building,Centersquare IAD1-A,Centersquare,Loudoun County,VA,51107,39.023321212075864,-77.4132010228583,89830.0,PJM,county served by one grid region,93.4
00052094294,building,Centersquare IAD1-C,Centersquare,Loudoun County,VA,51107,39.02475554990798,-77.41220365945969,135383.0,PJM,county served by one grid region,93.4
00059294476,building,STACK NVA01A - Northern Virginia,Stack Infrastructure,Loudoun County,VA,51107,39.00469915120877,-77.44176406797281,179330.0,PJM,county served by one grid region,93.4
00234722029,building,Equinix Ashburn DC2,Equinix,Loudoun County,VA,51107,39.016470708222904,-77.45900624552966,175215.0,PJM,county served by one grid region,93.4
00234722720,building,H5 Data Centers Ashburn,H5,Loudoun County,VA,51107,39.01367498906444,-77.45171989501627,83656.0,PJM,county served by one grid region,93.4
00273895868,building,Centersquare IAD3,Centersquare,Loudoun County,VA,51107,38.98092474637894,-77.44424695215189,130748.0,PJM,county served by one grid region,93.4
00273896089,building,Centersquare IAD2-A,Centersquare,Loudoun County,VA,51107,38.98441813209926,-77.42381651986251,48153.0,PJM,county served by one grid region,93.4
00273896096,building,,CyrusOne,Loudoun County,VA,51107,38.984886746753254,-77.42564884364357,127744.0,PJM,county served by one grid region,93.4
00273896102,building,Centersquare IAD2-B,Centersquare,Loudoun County,VA,51107,38.983603752633236,-77.42410521314366,71819.0,PJM,county served by one grid region,93.4
00298126010,building,Digital Realty ACC4,Digital Realty,Loudoun County,VA,51107,39.017901791124075,-77.46254912313509,294156.0,PJM,county served by one grid region,93.4
00298127059,building,Equinix Ashburn DC1,Equinix,Loudoun County,VA,51107,39.01556033255059,-77.46032653997727,59757.0,PJM,county served by one grid region,93.4
00298127361,building,Equinix Ashburn DC5,Equinix,Loudoun County,VA,51107,39.015987297259315,-77.46124797924023,94665.0,PJM,county served by one grid region,93.4
00298127420,building,Equinix Ashburn DC11,Equinix,Loudoun County,VA,51107,39.014930750375306,-77.45880365175545,132897.0,PJM,county served by one grid region,93.4
00298242260,building,Equinix Ashburn DC3,Equinix,Loudoun County,VA,51107,39.021947987272775,-77.46028710356292,186227.0,PJM,county served by one grid region,93.4
00298242335,building,Digital Realty ACC3,Digital Realty,Loudoun County,VA,51107,39.01993590507545,-77.45984179886374,151562.0,PJM,county served by one grid region,93.4
00299927846,building,Amazon IAD76,Amazon Web Services,Loudoun County,VA,51107,38.993785281689334,-77.45050945562221,138071.0,PJM,county served by one grid region,93.4
00299929061,building,Amazon IAD12,Amazon Web Services,Loudoun County,VA,51107,38.98872330810434,-77.44767141862896,149598.0,PJM,county served by one grid region,93.4
00299946152,building,,QTS Data Centers,Loudoun County,VA,51107,38.99463732348249,-77.44790209132543,10175.0,PJM,county served by one grid region,93.4
00300162674,building,Digital Realty ACC5,Digital Realty,Loudoun County,VA,51107,39.02011263672101,-77.46307101056209,298859.0,PJM,county served by one grid region,93.4
00300162675,building,Digital Realty ACC6,Digital Realty,Loudoun County,VA,51107,39.02106804323565,-77.46358953091513,226152.0,PJM,county served by one grid region,93.4
00300162689,building,Level 3 Ashburn,Lumen Technologies,Loudoun County,VA,51107,39.0221725562622,-77.45759526371418,49022.0,PJM,county served by one grid region,93.4
00300163074,building,Centersquare IAD4-B,Centersquare,Loudoun County,VA,51107,39.022140336655866,-77.45360972261447,90029.0,PJM,county served by one grid region,93.4
00300163083,building,NTT Ashburn VA1 Data Center,NTT,Loudoun County,VA,51107,39.02276445956019,-77.45486923381064,138507.0,PJM,county served by one grid region,93.4
00300969250,building,Equinix DC13,Equinix,Loudoun County,VA,51107,39.01253746084648,-77.47539286797381,125613.0,PJM,county served by one grid region,93.4
00300969614,building,Digital Realty Northern Virginia IAD14,Digital Realty,Loudoun County,VA,51107,39.00333638342545,-77.48709346092416,134503.0,PJM,county served by one grid region,93.4
00300969615,building,Amazon Web Services Building C,Amazon Web Services,Loudoun County,VA,51107,39.00275165389682,-77.48544866796638,116698.0,PJM,county served by one grid region,93.4
00300969616,building,Digital Realty Northern Virginia IAD12,Digital Realty,Loudoun County,VA,51107,39.002021512406806,-77.48334543979661,180269.0,PJM,county served by one grid region,93.4
00300969617,building,Digital Realty Building A,Digital Realty,Loudoun County,VA,51107,39.00275464974417,-77.48195442999278,133113.0,PJM,county served by one grid region,93.4
00300969619,building,Digital Realty Northern Virginia IAD24,Digital Realty,Loudoun County,VA,51107,39.00429228111817,-77.48435473615672,114428.0,PJM,county served by one grid region,93.4
00300970759,building,Databank Ashburn IAD1,Databank,Loudoun County,VA,51107,39.01554879745239,-77.48213787541994,144740.0,PJM,county served by one grid region,93.4
00300970761,building,Golds Gym Ashburn,,Loudoun County,VA,51107,39.01560147883306,-77.48327064329858,54700.0,PJM,county served by one grid region,93.4
00380282154,building,VISA Data Center,,Loudoun County,VA,51107,39.04872822028961,-77.4454155025337,349987.0,PJM,county served by one grid region,93.4
00435324552,building,"CyrusOne NVA1, NVA2 & NVA3",CyrusOne,Loudoun County,VA,51107,39.02594651093395,-77.41452291234779,265601.0,PJM,county served by one grid region,93.4
00435817145,building,CyrusOne NVA5,CyrusOne,Loudoun County,VA,51107,39.024327100481464,-77.43403366059391,506948.0,PJM,county served by one grid region,93.4
00460050155,building,Equinix Ashburn DC10,Equinix,Loudoun County,VA,51107,39.02101419483995,-77.45151283533546,152397.0,PJM,county served by one grid region,93.4
00460053028,campus,Amazon Web Services Datacenter Complex,Amazon Web Services,Loudoun County,VA,51107,39.0265748165722,-77.45106545332197,1088049.0,PJM,county served by one grid region,93.4
00460053030,campus,Amazon Web Services,Amazon Web Services,Loudoun County,VA,51107,39.02886985735719,-77.4586618970949,1022344.0,PJM,county served by one grid region,93.4
00460056017,building,Amazon IAD-61,Amazon Web Services,Loudoun County,VA,51107,38.915805125747426,-77.49198694607598,152289.0,PJM,county served by one grid region,93.4
00460056018,campus,,,Loudoun County,VA,51107,38.9865020849492,-77.44219586774605,709715.0,PJM,county served by one grid region,93.4
00460056019,building,Amazon IAD51,Amazon Web Services,Loudoun County,VA,51107,38.991413813734994,-77.43650684069107,64127.0,PJM,county served by one grid region,93.4
00460056020,building,Amazon IAD56,Amazon Web Services,Loudoun County,VA,51107,38.990567610094665,-77.43706177436276,78441.0,PJM,county served by one grid region,93.4
00460056023,building,Amazon IAD16,Amazon Web Services,Loudoun County,VA,51107,38.99069899784283,-77.44882479290187,75817.0,PJM,county served by one grid region,93.4
00460056024,building,Amazon IAD15,Amazon Web Services,Loudoun County,VA,51107,38.991692895450356,-77.44857953268574,103452.0,PJM,county served by one grid region,93.4
00460175664,building,,,Loudoun County,VA,51107,38.99422739840353,-77.44818874268246,35740.0,PJM,county served by one grid region,93.4
00460175666,building,Centersquare IAD4-A,Centersquare,Loudoun County,VA,51107,39.02173368633118,-77.45274689712927,77749.0,PJM,county served by one grid region,93.4
00460175672,building,AWS Building E,Amazon Web Services,Loudoun County,VA,51107,39.005051586407944,-77.48561242978808,153355.0,PJM,county served by one grid region,93.4
00463571875,building,Amazon IAD78,Amazon Web Services,Loudoun County,VA,51107,39.026368042625414,-77.44952022668694,147979.0,PJM,county served by one grid region,93.4
00463571876,building,Amazon IAD79,Amazon Web Services,Loudoun County,VA,51107,39.026357370464034,-77.45087034712718,148678.0,PJM,county served by one grid region,93.4
00465062052,building,Amazon IAD87,Amazon Web Services,Loudoun County,VA,51107,38.99181366629844,-77.44116774003697,147390.0,PJM,county served by one grid region,93.4
00465062053,building,Amazon IAD88,Amazon Web Services,Loudoun County,VA,51107,38.99096434751658,-77.44187048800238,147468.0,PJM,county served by one grid region,93.4
00544596573,building,Amazon IAD63,Amazon Web Services,Loudoun County,VA,51107,38.9168847531172,-77.49325147292357,143980.0,PJM,county served by one grid region,93.4
00545396372,building,Amazon IAD62,Amazon Web Services,Loudoun County,VA,51107,38.94932164782646,-77.51987469094145,149941.0,PJM,county served by one grid region,93.4
00556599693,building,Amazon IAD71,Amazon Web Services,Loudoun County,VA,51107,39.02790807231044,-77.4575028799799,121176.0,PJM,county served by one grid region,93.4
00556599694,building,Amazon IAD50,Amazon Web Services,Loudoun County,VA,51107,39.02956976120693,-77.45968288935686,202194.0,PJM,county served by one grid region,93.4
00556599695,building,Amazon IAD60,Amazon Web Services,Loudoun County,VA,51107,39.02877370248201,-77.4582461041282,110965.0,PJM,county served by one grid region,93.4
00596690174,building,Amazon IAD80,Amazon Web Services,Loudoun County,VA,51107,39.027108657277445,-77.4528288502262,150443.0,PJM,county served by one grid region,93.4
00596690175,building,Equinix Ashburn DC12,Equinix,Loudoun County,VA,51107,39.023006641544804,-77.44975813852024,96380.0,PJM,county served by one grid region,93.4
00597970806,building,Digital Realty Northern Virginia IAD36,Digital Realty,Loudoun County,VA,51107,39.00155183162294,-77.47934369722755,112516.0,PJM,county served by one grid region,93.4
00597970809,building,Digital Realty Northern Virginia IAD35,Digital Realty,Loudoun County,VA,51107,39.00051142251577,-77.48059544638194,206225.0,PJM,county served by one grid region,93.4
00597970811,building,Digital Realty Northern Virginia IAD37,Digital Realty,Loudoun County,VA,51107,39.00000986435985,-77.47806996501424,144298.0,PJM,county served by one grid region,93.4
00597970813,building,Digital Realty Northern Virginia IAD38,Digital Realty,Loudoun County,VA,51107,39.00110985023303,-77.47718416154996,114543.0,PJM,county served by one grid region,93.4
00610977485,building,NTT Ashburn VA2 Data Center,NTT,Loudoun County,VA,51107,39.025010324380084,-77.45763923535499,74197.0,PJM,county served by one grid region,93.4
00649319778,building,Digital Realty ACC7,Digital Realty,Loudoun County,VA,51107,39.01753209282454,-77.46564263578887,409481.0,PJM,county served by one grid region,93.4
00649365745,campus,NTT Ashburn Campus,,Loudoun County,VA,51107,39.017730318422956,-77.47198105085518,2116133.0,PJM,county served by one grid region,93.4
00649365751,building,NTT Ashburn VA3 Data Center,NTT,Loudoun County,VA,51107,39.017182329202555,-77.47037644027546,231924.0,PJM,county served by one grid region,93.4
00649365764,building,Digital Realty ACC9,Digital Realty,Loudoun County,VA,51107,39.015466253556106,-77.46731852528755,329257.0,PJM,county served by one grid region,93.4
00693381106,building,Amazon IAD68,Amazon Web Services,Loudoun County,VA,51107,38.94868695570169,-77.52095152964785,181794.0,PJM,county served by one grid region,93.4
00693381107,building,Amazon IAD81,Amazon Web Services,Loudoun County,VA,51107,38.94838582329714,-77.52183101959601,184907.0,PJM,county served by one grid region,93.4
00693385812,building,Google,Google,Loudoun County,VA,51107,38.943153938233976,-77.5243689977558,215928.0,PJM,county served by one grid region,93.4
00693390022,building,Amazon IAD120,Amazon Web Services,Loudoun County,VA,51107,38.95792208165856,-77.49806149327199,188334.0,PJM,county served by one grid region,93.4
00693390023,building,Amazon IAD121,Amazon Web Services,Loudoun County,VA,51107,38.95678305314267,-77.49778688217901,154814.0,PJM,county served by one grid region,93.4
00696978351,building,,,Loudoun County,VA,51107,39.01202683336312,-77.47156052841791,48591.0,PJM,county served by one grid region,93.4
00696985482,campus,,,Loudoun County,VA,51107,38.99945874398648,-77.4498761385079,402308.0,PJM,county served by one grid region,93.4
00697020849,building,Amazon IAD58,Amazon Web Services,Loudoun County,VA,51107,38.986278739590496,-77.44184182852638,136770.0,PJM,county served by one grid region,93.4
00697020850,building,Amazon IAD57,Amazon Web Services,Loudoun County,VA,51107,38.98699723329166,-77.44263838662451,116533.0,PJM,county served by one grid region,93.4
00701923200,building,QTS Ashburn 1,Quality Technology Services,Loudoun County,VA,51107,38.99951534656983,-77.45017109526839,164144.0,PJM,county served by one grid region,93.4
00701923202,building,Digital Realty Northern Virginia IAD40,Digital Realty,Loudoun County,VA,51107,39.00645434248415,-77.46725431679586,244372.0,PJM,county served by one grid region,93.4
00701923203,building,Digital Realty Northern Virginia IAD39,Digital Realty,Loudoun County,VA,51107,39.0077179647985,-77.46762344628391,549223.0,PJM,county served by one grid region,93.4
00701923204,building,Digital Realty ACC10,Digital Realty,Loudoun County,VA,51107,39.01270664038011,-77.46553606881868,289043.0,PJM,county served by one grid region,93.4
00701924664,building,,GI Partners,Loudoun County,VA,51107,39.00065496674865,-77.43982021083254,224621.0,PJM,county served by one grid region,93.4
00701924665,building,Vantage VA11,Vantage Data Centers,Loudoun County,VA,51107,39.00239460734178,-77.43766056847713,127578.0,PJM,county served by one grid region,93.4
00701924667,building,Amazon IAD90,Amazon Web Services,Loudoun County,VA,51107,38.988603084770965,-77.41165153795028,147749.0,PJM,county served by one grid region,93.4
00701924668,building,Amazon IAD91,Amazon Web Services,Loudoun County,VA,51107,38.987847160473734,-77.4111191682655,149486.0,PJM,county served by one grid region,93.4
00701924669,building,Amazon IAD92,Amazon Web Services,Loudoun County,VA,51107,38.98694260549739,-77.41047540861862,149857.0,PJM,county served by one grid region,93.4
00701929066,building,Amazon IAD144,Amazon Web Services,Loudoun County,VA,51107,38.981642917536455,-77.42742182982602,150384.0,PJM,county served by one grid region,93.4
00701930919,building,CyrusOne NVA8,CyrusOne,Loudoun County,VA,51107,39.021167383773054,-77.41322000920242,154011.0,PJM,county served by one grid region,93.4
00701930920,building,Amazon IAD98,Amazon Web Services,Loudoun County,VA,51107,39.02022492908554,-77.43388565556346,150826.0,PJM,county served by one grid region,93.4
00701930921,building,Amazon IAD99,Amazon Web Services,Loudoun County,VA,51107,39.01916893584491,-77.43402989103284,150804.0,PJM,county served by one grid region,93.4
00701930929,building,Amazon IAD114,Amazon Web Services,Loudoun County,VA,51107,39.03549407754049,-77.45069857065232,148005.0,PJM,county served by one grid region,93.4
00701930930,building,Amazon IAD115,Amazon Web Services,Loudoun County,VA,51107,39.03629402145032,-77.44979480828684,146333.0,PJM,county served by one grid region,93.4
00701931819,building,Amazon IAD65,Amazon Web Services,Loudoun County,VA,51107,38.917010722177295,-77.49436645394151,151356.0,PJM,county served by one grid region,93.4
00701931820,building,Amazon IAD150,Amazon Web Services,Loudoun County,VA,51107,38.91607635389445,-77.47725088518797,213595.0,PJM,county served by one grid region,93.4
00706726088,campus,Stonewall Creek Business Park,Google,Loudoun County,VA,51107,39.051431729239994,-77.53939966702264,1291753.0,PJM,county served by one grid region,93.4
00708916484,building,,,Loudoun County,VA,51107,39.01541716578102,-77.47827343879716,144382.0,PJM,county served by one grid region,93.4
00710070925,building,Google Data Center,Google,Loudoun County,VA,51107,39.052640581183034,-77.53957659001316,140634.0,PJM,county served by one grid region,93.4
00714622339,campus,Google Data Center,Google,Loudoun County,VA,51107,38.942771434884214,-77.52625036711285,2143143.0,PJM,county served by one grid region,93.4
00714622340,campus,Amazon Fadeley III,,Loudoun County,VA,51107,38.94833223285257,-77.5215991553083,1654964.0,PJM,county served by one grid region,93.4
00744491691,building,Amazon IAD145,Amazon Web Services,Loudoun County,VA,51107,38.98255213281915,-77.4246254873571,103663.0,PJM,county served by one grid region,93.4
00744496741,building,Amazon Web Services IAD117,Amazon Web Services,Loudoun County,VA,51107,39.02369830815542,-77.41909467085335,102452.0,PJM,county served by one grid region,93.4
00744496750,building,Amazon Web Services IAD116,Amazon Web Services,Loudoun County,VA,51107,39.02434599828099,-77.42043928426207,102629.0,PJM,county served by one grid region,93.4
00793087858,building,Digital Realty IAD41 (Building P),Digital Realty,Loudoun County,VA,51107,39.00867671486767,-77.45822142581041,396985.0,PJM,county served by one grid region,93.4
00793087859,building,Amazon IAD118,Amazon Web Services,Loudoun County,VA,51107,39.018507335901674,-77.43883923491136,105629.0,PJM,county served by one grid region,93.4
00793622740,building,Aligned Ashburn,Aligned,Loudoun County,VA,51107,39.01362014126083,-77.47057790756796,140140.0,PJM,county served by one grid region,93.4
00793888408,building,Equinix Ashburn DC15,Equinix,Loudoun County,VA,51107,39.02250015234666,-77.45025584399268,76665.0,PJM,county served by one grid region,93.4
00793888427,building,Sabey Intergate.Ashburn (Building A),Sabey Data Centers,Loudoun County,VA,51107,39.01449812159213,-77.4799880049684,131966.0,PJM,county served by one grid region,93.4
00793888429,building,NTT Ashburn VA5 Data Center,NTT,Loudoun County,VA,51107,39.01829557276318,-77.47261400700225,124046.0,PJM,county served by one grid region,93.4
00793888430,building,NTT Ashburn VA4 Data Center,NTT,Loudoun County,VA,51107,39.01986885247179,-77.4725949606788,160282.0,PJM,county served by one grid region,93.4
00794147654,building,CloudHQ LC1,CloudHQ,Loudoun County,VA,51107,39.01015664517334,-77.46278492885698,499194.0,PJM,county served by one grid region,93.4
00794147655,building,CloudHQ LC2,CloudHQ,Loudoun County,VA,51107,39.01176419603625,-77.46245654474913,252770.0,PJM,county served by one grid region,93.4
00794147657,building,Amazon IAD146,Amazon Web Services,Loudoun County,VA,51107,38.9967245725433,-77.43559835674785,103076.0,PJM,county served by one grid region,93.4
00796933516,building,Equinix Ashburn DC21,Equinix,Loudoun County,VA,51107,39.01182265065321,-77.45455808439559,78961.0,PJM,county served by one grid region,93.4
00817338831,building,Amazon IAD140,Amazon Web Services,Loudoun County,VA,51107,38.98145515417609,-77.4175500441367,215095.0,PJM,county served by one grid region,93.4
00817338832,building,Amazon IAD141,Amazon Web Services,Loudoun County,VA,51107,38.98238771254631,-77.4167856863848,216850.0,PJM,county served by one grid region,93.4
00844374689,building,,,Loudoun County,VA,51107,39.05060777386236,-77.5400258996867,140157.0,PJM,county served by one grid region,93.4
00852039781,building,Amazon IAD119,Amazon Web Services,Loudoun County,VA,51107,39.01693014125531,-77.43938662806684,127104.0,PJM,county served by one grid region,93.4
00886028872,building,Amazon IAD128,Amazon Web Services,Loudoun County,VA,51107,39.01608221259819,-77.43838436569268,105735.0,PJM,county served by one grid region,93.4
00886330269,building,Microsoft,Microsoft,Loudoun County,VA,51107,39.07478688334023,-77.56412899431636,155317.0,PJM,county served by one grid region,93.4
00897226569,campus,Microsoft Data Center,Microsoft,Loudoun County,VA,51107,38.949312045394976,-77.5594854254625,1575278.0,PJM,county served by one grid region,93.4
00897226573,campus,Arcola Tech Park,,Loudoun County,VA,51107,38.94928209940735,-77.55535615935244,1735467.0,PJM,county served by one grid region,93.4
00897226574,building,Amazon IAD125,Amazon Web Services,Loudoun County,VA,51107,38.948089538166386,-77.56054492011098,104431.0,PJM,county served by one grid region,93.4
00897226575,building,Amazon IAD124,Amazon Web Services,Loudoun County,VA,51107,38.94989544830295,-77.56045170040849,104434.0,PJM,county served by one grid region,93.4
00909455922,building,42310 THUNDERBALL DR,True North Data Solutions,Loudoun County,VA,51107,39.04409911181553,-77.5396744253525,78907.0,PJM,county served by one grid region,93.4
00930849744,building,Amazon IAD163,Amazon Web Services,Loudoun County,VA,51107,39.03230534445815,-77.42970207458241,131936.0,PJM,county served by one grid region,93.4
00954433119,building,Amazon IAD175,Amazon Web Services,Loudoun County,VA,51107,38.979867991405555,-77.42547991599417,86503.0,PJM,county served by one grid region,93.4
00958662382,building,Amazon IAD147,Amazon Web Services,Loudoun County,VA,51107,38.99501200382876,-77.43535922197498,102767.0,PJM,county served by one grid region,93.4
00983627455,building,CyrusOne NVA7,CyrusOne,Loudoun County,VA,51107,39.02630118372146,-77.43402771215538,60930.0,PJM,county served by one grid region,93.4
00984953813,building,Amazon IAD174,Amazon Web Services,Loudoun County,VA,51107,39.02891562520285,-77.42747327984164,132388.0,PJM,county served by one grid region,93.4
00984953814,building,Amazon IAD164,Amazon Web Services,Loudoun County,VA,51107,39.03047299575455,-77.42894228408753,132374.0,PJM,county served by one grid region,93.4
00985207884,building,Vantage VA12,Vantage Data Centers,Loudoun County,VA,51107,39.00177881929864,-77.43807112136984,115613.0,PJM,county served by one grid region,93.4
00986829280,building,Microsoft,Microsoft,Loudoun County,VA,51107,39.07550786595816,-77.56303534723706,97581.0,PJM,county served by one grid region,93.4
00989735623,building,Amazon IAD152,Amazon Web Services,Loudoun County,VA,51107,38.91657561831895,-77.47974227140159,156644.0,PJM,county served by one grid region,93.4
00989735624,building,Amazon IAD151,Amazon Web Services,Loudoun County,VA,51107,38.916150911627575,-77.47870521719227,155542.0,PJM,county served by one grid region,93.4
00990537813,building,Amazon IAD83,Amazon Web Services,Loudoun County,VA,51107,38.947946059437584,-77.52310750749479,156166.0,PJM,county served by one grid region,93.4
00990537821,building,Amazon Web Services,Amazon Web Services,Loudoun County,VA,51107,38.946539218555614,-77.52218796260958,16739.0,PJM,county served by one grid region,93.4
00990537857,building,Amazon IAD122,Amazon Web Services,Loudoun County,VA,51107,38.955863227653474,-77.49717993007393,153273.0,PJM,county served by one grid region,93.4
00990537858,building,CyrusOne Sterling IX,CyrusOne,Loudoun County,VA,51107,38.95830777005175,-77.50575020782452,266078.0,PJM,county served by one grid region,93.4
01003348567,building,QTS Ashburn-Shellhorn DC1,Quality Technology Services,Loudoun County,VA,51107,38.99807915433332,-77.47557114316258,156810.0,PJM,county served by one grid region,93.4
01020877488,building,Amazon Web Services,Amazon Web Services,Loudoun County,VA,51107,38.9958476154284,-77.4712911922763,131476.0,PJM,county served by one grid region,93.4
01020877489,building,Amazon Web Services,Amazon Web Services,Loudoun County,VA,51107,38.99660796472238,-77.47326247561796,131482.0,PJM,county served by one grid region,93.4
01020953454,campus,Digital Loudoun Plaza,,Loudoun County,VA,51107,39.0046791526227,-77.48497952310191,686547.0,PJM,county served by one grid region,93.4
01020953461,campus,Digital Loudoun Plaza,,Loudoun County,VA,51107,39.00169800147741,-77.48159549467017,2859895.0,PJM,county served by one grid region,93.4
01022744244,campus,AWS,,Loudoun County,VA,51107,38.98103411725457,-77.41779460624687,1789925.0,PJM,county served by one grid region,93.4
01022744248,campus,AWS,,Loudoun County,VA,51107,38.98782988809138,-77.41110852642319,1069380.0,PJM,county served by one grid region,93.4
01022757169,campus,AWS,,Loudoun County,VA,51107,38.981619328745744,-77.42605829279701,1128056.0,PJM,county served by one grid region,93.4
01022757170,campus,,,Loudoun County,VA,51107,38.98473223230382,-77.4257836910691,384105.0,PJM,county served by one grid region,93.4
01025002889,building,Digital Realty IAD42,Digital Realty,Loudoun County,VA,51107,39.00571934215422,-77.44944907275473,218174.0,PJM,county served by one grid region,93.4
01037871048,building,Amazon IAD601,Amazon Web Services,Loudoun County,VA,51107,39.015262930158144,-77.43777001853674,14384.0,PJM,county served by one grid region,93.4
01088203906,building,Amazon Web Services,Amazon Web Services,Loudoun County,VA,51107,39.01674414789713,-77.45200064122655,96372.0,PJM,county served by one grid region,93.4
01088203907,building,Amazon Web Services,Amazon Web Services,Loudoun County,VA,51107,39.01588594875254,-77.45314511765301,96367.0,PJM,county served by one grid region,93.4
01088241977,building,Aligned IAD02,Aligned,Loudoun County,VA,51107,39.01041104054181,-77.47518883996233,208188.0,PJM,county served by one grid region,93.4
01106454555,building,Amazon Web Services,Amazon Web Services,Loudoun County,VA,51107,38.97955740282415,-77.41749033094966,132491.0,PJM,county served by one grid region,93.4
01123249721,building,Equinix Ashburn DC16,Equinix,Loudoun County,VA,51107,39.02425729354276,-77.45232686183614,87843.0,PJM,county served by one grid region,93.4
01124864831,building,Microsoft IAD11,Microsoft,Loudoun County,VA,51107,38.94825818613084,-77.5559109545917,242344.0,PJM,county served by one grid region,93.4
01128589933,building,,,Loudoun County,VA,51107,39.06964742434577,-77.56077132424072,242639.0,PJM,county served by one grid region,93.4
01128589934,building,,,Loudoun County,VA,51107,39.0696544548206,-77.55943345346945,247061.0,PJM,county served by one grid region,93.4
01161094246,building,Amazon Web Services,Amazon Web Services,Loudoun County,VA,51107,38.979147452313484,-77.41990459458856,129566.0,PJM,county served by one grid region,93.4
01161730862,campus,,,Loudoun County,VA,51107,38.95733457436757,-77.49759322033701,1524370.0,PJM,county served by one grid region,93.4
01173770902,building,Google: Arcola 2,Google,Loudoun County,VA,51107,38.941821463981825,-77.52742942359154,289889.0,PJM,county served by one grid region,93.4
01177893426,building,Amazon IAD603,Amazon Web Services,Loudoun County,VA,51107,38.981546018635534,-77.41935734925377,14733.0,PJM,county served by one grid region,93.4
01181391920,building,Amazon IAD86,Amazon Web Services,Loudoun County,VA,51107,38.91725619520494,-77.49567435184785,150112.0,PJM,county served by one grid region,93.4
01188680247,building,QTS Ashburn-Shellhorn DC2,Quality Technology Services,Loudoun County,VA,51107,38.99877154862717,-77.47426402852584,152471.0,PJM,county served by one grid region,93.4
01188680253,building,QTS Ashburn Lockridge,Quality Technology Services,Loudoun County,VA,51107,38.995355290859365,-77.45518312796617,153253.0,PJM,county served by one grid region,93.4
01188680254,building,QTS Ashburn Lockridge,Quality Technology Services,Loudoun County,VA,51107,38.995198628642754,-77.45688789743473,135570.0,PJM,county served by one grid region,93.4
01188680255,building,Amazon IAD192,Amazon Web Services,Loudoun County,VA,51107,38.989553544254186,-77.4348013050765,132942.0,PJM,county served by one grid region,93.4
01188691867,building,,,Loudoun County,VA,51107,39.01710249054327,-77.47326655981455,91264.0,PJM,county served by one grid region,93.4
01188691868,building,NTT Ashburn VA8 Data Centre,NTT,Loudoun County,VA,51107,39.02019007893849,-77.47553126117117,111241.0,PJM,county served by one grid region,93.4
01188691869,building,DataBank Ashburn IAD3,Databank,Loudoun County,VA,51107,39.017878446923135,-77.48182767102682,146234.0,PJM,county served by one grid region,93.4
01188715508,building,PowerHouse ABX-1,PowerHouse,Loudoun County,VA,51107,39.01957792722464,-77.45046549748376,131309.0,PJM,county served by one grid region,93.4
01188715510,building,,,Loudoun County,VA,51107,39.01794777387917,-77.45947386528228,158127.0,PJM,county served by one grid region,93.4
01222134968,building,Amazon Web Services,Amazon Web Services,Loudoun County,VA,51107,38.94913486865636,-77.52358042964754,14235.0,PJM,county served by one grid region,93.4
01227777116,building,Vantage VA13,Vantage Data Centers,Loudoun County,VA,51107,39.00310829243192,-77.43985079751437,261859.0,PJM,county served by one grid region,93.4
01252196799,building,Amazon Web Services,Amazon Web Services,Loudoun County,VA,51107,38.915904671232965,-77.49055174718535,87645.0,PJM,county served by one grid region,93.4
01252196800,building,Amazon Web Services,Amazon Web Services,Loudoun County,VA,51107,38.91498995679571,-77.49097634789652,13879.0,PJM,county served by one grid region,93.4
01252196826,building,Amazon Web Services,Amazon Web Services,Loudoun County,VA,51107,38.92131351222202,-77.48579976531855,133944.0,PJM,county served by one grid region,93.4
01253282099,building,Amazon Web Services,Amazon Web Services,Loudoun County,VA,51107,38.99509407061763,-77.47107161222901,14683.0,PJM,county served by one grid region,93.4
01276518679,building,Amazon IAD214,Amazon Web Services,Loudoun County,VA,51107,38.986526005508004,-77.435175737807,113421.0,PJM,county served by one grid region,93.4
01276518684,building,Aligned IAD03,Aligned,Loudoun County,VA,51107,38.988620947417836,-77.4407518987356,79844.0,PJM,county served by one grid region,93.4
01276518687,building,Digital Realty IAD55,Digital Realty,Loudoun County,VA,51107,38.99226912328289,-77.43393215610038,85319.0,PJM,county served by one grid region,93.4
01280340212,building,Amazon Web Services,Amazon Web Services,Loudoun County,VA,51107,38.94736148494224,-77.5202261632775,13569.0,PJM,county served by one grid region,93.4
01280340213,building,Amazon Web Services,Amazon Web Services,Loudoun County,VA,51107,38.98357495375973,-77.41752673157097,14079.0,PJM,county served by one grid region,93.4
01292897241,building,42311 THUNDERBALL DR,True North Data Solutions,Loudoun County,VA,51107,39.042552536948456,-77.53829965963824,40683.0,PJM,county served by one grid region,93.4
01292897242,building,42255 THUNDERBALL DR,True North Data Solutions,Loudoun County,VA,51107,39.04162316420013,-77.53922373708994,60458.0,PJM,county served by one grid region,93.4
01292897243,building,42254 THUNDERBALL DR,True North Data Solutions,Loudoun County,VA,51107,39.04350173521111,-77.54087429950766,77498.0,PJM,county served by one grid region,93.4
01301654223,building,,,Loudoun County,VA,51107,38.94801698707017,-77.55898682593282,130181.0,PJM,county served by one grid region,93.4
01301654224,building,,,Loudoun County,VA,51107,38.95006466711818,-77.55887032015698,130174.0,PJM,county served by one grid region,93.4
01309123033,building,Equinix Ashburn DC6,Equinix,Loudoun County,VA,51107,39.01519834588525,-77.4595379709394,70526.0,PJM,county served by one grid region,93.4
01309123034,building,Equinix Ashburn DC4,Equinix,Loudoun County,VA,51107,39.016407623551665,-77.46188736227928,101052.0,PJM,county served by one grid region,93.4
01317733642,building,Digital Realty Northern Virginia IAD44,Digital Realty,Loudoun County,VA,51107,38.96085555401278,-77.49143162866764,399540.0,PJM,county served by one grid region,93.4
01317915930,campus,Centersquare Ashburn IAD4 Data Center,Centersquare,Loudoun County,VA,51107,39.02194771328794,-77.45319381679391,287687.0,PJM,county served by one grid region,93.4
01319637945,building,,,Loudoun County,VA,51107,38.94986181026408,-77.5495090011084,172204.0,PJM,county served by one grid region,93.4
01333205262,building,,,Loudoun County,VA,51107,39.05842724907653,-77.54975704380365,200169.0,PJM,county served by one grid region,93.4
01333205263,building,,,Loudoun County,VA,51107,39.066015331021106,-77.55856949362979,153155.0,PJM,county served by one grid region,93.4
01343769701,campus,QTS Ashburn-Shellhorn,,Loudoun County,VA,51107,38.998536773549944,-77.47494238152574,829536.0,PJM,county served by one grid region,93.4
01343774537,campus,CloudHQ Ashburn Campus,,Loudoun County,VA,51107,39.01071824022996,-77.46211284959409,1553192.0,PJM,county served by one grid region,93.4
01344901567,building,,,Loudoun County,VA,51107,39.00044576934913,-77.46077416535871,128835.0,PJM,county served by one grid region,93.4
01344901568,building,,,Loudoun County,VA,51107,38.99911305239166,-77.46086691565762,130571.0,PJM,county served by one grid region,93.4
01344901575,building,Vantage VA2,,Loudoun County,VA,51107,38.997958810114476,-77.4302535156073,187488.0,PJM,county served by one grid region,93.4
01381994242,building,,CloudHQ,Loudoun County,VA,51107,39.002357506539106,-77.47199251742943,460596.0,PJM,county served by one grid region,93.4
01387391200,campus,True North Data Centers,True North Data Solutions,Loudoun County,VA,51107,39.04372564306367,-77.53741191978271,4583218.0,PJM,county served by one grid region,93.4
01387391201,building,TikTok Data Center,True North Data Solutions,Loudoun County,VA,51107,39.04424691818141,-77.53799755610363,169768.0,PJM,county served by one grid region,93.4
01443187163,building,CloudHQ LC3,,Loudoun County,VA,51107,39.01121179839231,-77.46040491955637,241208.0,PJM,county served by one grid region,93.4
01443922527,building,,,Loudoun County,VA,51107,39.05599415738426,-77.54733847235092,149008.0,PJM,county served by one grid region,93.4
01443922528,building,,,Loudoun County,VA,51107,39.05781905081905,-77.54673255066474,106352.0,PJM,county served by one grid region,93.4
01443922535,building,,,Loudoun County,VA,51107,39.08219102890557,-77.56511220760098,200733.0,PJM,county served by one grid region,93.4
01460776170,building,,,Loudoun County,VA,51107,39.05526150263189,-77.54482173192463,139936.0,PJM,county served by one grid region,93.4
01460776171,building,,,Loudoun County,VA,51107,39.05412168578732,-77.54599489429808,116829.0,PJM,county served by one grid region,93.4
01460776174,building,,,Loudoun County,VA,51107,39.051020513612634,-77.5347491015584,303500.0,PJM,county served by one grid region,93.4
09092482804,point,Amazon Web Services IAD69,Amazon Web Services,Loudoun County,VA,51107,39.02548510000001,-77.4146998,,PJM,county served by one grid region,93.4
13154826377,point,Equinix,Equinix,Loudoun County,VA,51107,39.013791700000006,-77.45379770000001,,PJM,county served by one grid region,93.4
13154826378,point,NTT Ashburn VA7 Data Center,NTT,Loudoun County,VA,51107,39.01601419999996,-77.47195400000001,,PJM,county served by one grid region,93.4
05225685660,point,Lumos Networks,,Lynchburg city,VA,51680,37.41568800000001,-79.1427063,,,not found: no utility to grid record for this county,
01269259655,building,,,Manassas city,VA,51683,38.740435867935545,-77.50398435557676,95987.0,PJM,county served by one grid region,93.4
00675108684,campus,Microsoft Boydton Data Center,Microsoft,Mecklenburg County,VA,51117,36.685373308018725,-78.37655327186563,11273954.0,PJM,county served by one grid region,93.4
00019787207,building,Microsoft Data Center 1,Microsoft,Prince William County,VA,51153,38.8024111256264,-77.58237918867958,248706.0,PJM,county served by one grid region,93.4
00045583050,building,,,Prince William County,VA,51153,38.80341459582856,-77.51057747962513,52906.0,PJM,county served by one grid region,93.4
00045776978,building,Amazon IAD11,Amazon Web Services,Prince William County,VA,51153,38.790500006452135,-77.54111111954948,122474.0,PJM,county served by one grid region,93.4
00045776979,building,Amazon IAD24,Amazon Web Services,Prince William County,VA,51153,38.79035015175034,-77.54000633908686,31388.0,PJM,county served by one grid region,93.4
00045776988,building,Amazon IAD7,Amazon Web Services,Prince William County,VA,51153,38.791203751967444,-77.53827709301147,109423.0,PJM,county served by one grid region,93.4
00046831933,building,VA 4,Digital Realty,Prince William County,VA,51153,38.778111268742116,-77.594876153305,263538.0,PJM,county served by one grid region,93.4
00222672860,building,Amazon IAD-55,Amazon Web Services,Prince William County,VA,51153,38.81506150876172,-77.64876376105127,228140.0,PJM,county served by one grid region,93.4
00224100721,building,COPT Data Center,,Prince William County,VA,51153,38.74728120625688,-77.5318452938603,127955.0,PJM,county served by one grid region,93.4
00460059465,building,Amazon IAD14,Amazon Web Services,Prince William County,VA,51153,38.78993178096453,-77.54821678521624,118192.0,PJM,county served by one grid region,93.4
00460060340,building,Amazon IAD59,Amazon Web Services,Prince William County,VA,51153,38.79222600770484,-77.54844963730864,127281.0,PJM,county served by one grid region,93.4
00460060341,building,Amazon IAD52,Amazon Web Services,Prince William County,VA,51153,38.79106882111887,-77.54837196346583,126699.0,PJM,county served by one grid region,93.4
00490997243,building,Amazon IAD73,Amazon Web Services,Prince William County,VA,51153,38.77797945837826,-77.55909921912577,146162.0,PJM,county served by one grid region,93.4
00490997244,building,Amazon IAD74,Amazon Web Services,Prince William County,VA,51153,38.777436934620916,-77.55789122919084,147480.0,PJM,county served by one grid region,93.4
00667573133,building,Amazon Web Services,Amazon IAD85,Prince William County,VA,51153,38.779381509444576,-77.54172453948773,149064.0,PJM,county served by one grid region,93.4
00696992451,campus,,,Prince William County,VA,51153,38.79098152194525,-77.54831684502851,989045.0,PJM,county served by one grid region,93.4
00697021948,building,Amazon IAD64,Amazon Web Services,Prince William County,VA,51153,38.815132406574214,-77.65291934437082,147547.0,PJM,county served by one grid region,93.4
00697021949,campus,,Amazon,Prince William County,VA,51153,38.81581597741176,-77.65269565653946,1278242.0,PJM,county served by one grid region,93.4
00828135845,building,Amazon IAD84,Amazon Web Services,Prince William County,VA,51153,38.8161031223026,-77.65249934084503,152692.0,PJM,county served by one grid region,93.4
00882977350,building,CloudHQ MCC1,CloudHQ,Prince William County,VA,51153,38.717028377885455,-77.49989682110625,399915.0,PJM,county served by one grid region,93.4
00996723585,building,Iron Mountain VA-2,,Prince William County,VA,51153,38.77724872325061,-77.54596524435513,158664.0,PJM,county served by one grid region,93.4
00996723586,building,Iron Mountain VA-1,,Prince William County,VA,51153,38.77791724644345,-77.547073196661,163790.0,PJM,county served by one grid region,93.4
00996723587,building,Amazon Web Services,Amazon IAD96,Prince William County,VA,51153,38.78015146527289,-77.53988381836808,149064.0,PJM,county served by one grid region,93.4
00996723588,building,Amazon Web Services,Amazon IAD95,Prince William County,VA,51153,38.77845091390774,-77.53942706487335,214748.0,PJM,county served by one grid region,93.4
00996723589,building,Amazon Web Services,Amazon IAD75,Prince William County,VA,51153,38.779342501302715,-77.54289591312165,214662.0,PJM,county served by one grid region,93.4
00996899486,building,Amazon IAD102,Amazon Web Services,Prince William County,VA,51153,38.73597010187111,-77.50490133103251,214338.0,PJM,county served by one grid region,93.4
00996899487,building,Amazon IAD101,Amazon Web Services,Prince William County,VA,51153,38.735440154226055,-77.50569511718139,214330.0,PJM,county served by one grid region,93.4
00996899488,building,Amazon IAD100,Amazon Web Services,Prince William County,VA,51153,38.73459785381264,-77.506642396707,214611.0,PJM,county served by one grid region,93.4
00996899489,building,CloudHQ MCC2,CloudHQ,Prince William County,VA,51153,38.723181946660446,-77.49900908655816,351091.0,PJM,county served by one grid region,93.4
01000784035,building,Amazon Web Services,Amazon Web Services,Prince William County,VA,51153,38.74305258344758,-77.53338365008187,112502.0,PJM,county served by one grid region,93.4
01015995259,building,Amazon IAD601,Amazon Web Services,Prince William County,VA,51153,38.77885736291117,-77.55711533400657,14469.0,PJM,county served by one grid region,93.4
01059030596,building,Amazon Web Services,Amazon Web Services,Prince William County,VA,51153,38.74428601144499,-77.53332238839505,111697.0,PJM,county served by one grid region,93.4
01059036248,building,,,Prince William County,VA,51153,38.745958588783616,-77.53750921534285,257960.0,PJM,county served by one grid region,93.4
01059037050,building,COPT Innovation Park Data Center,Amazon Web Services,Prince William County,VA,51153,38.74388634728904,-77.53062487747106,149206.0,PJM,county served by one grid region,93.4
01059037051,building,COPT Data Center Bldg 2,Amazon Web Services,Prince William County,VA,51153,38.74405494832178,-77.5291961000727,104114.0,PJM,county served by one grid region,93.4
01090837713,building,QTS Manassas DC5,Quality Technology Services,Prince William County,VA,51153,38.75469273948548,-77.51744670998576,153531.0,PJM,county served by one grid region,93.4
01134911640,building,AWS IAD105,Amazon Web Services,Prince William County,VA,51153,38.747595868302135,-77.51947530248223,214270.0,PJM,county served by one grid region,93.4
01134911641,building,AWS IAD104,Amazon Web Services,Prince William County,VA,51153,38.748373835423195,-77.52070480173404,214258.0,PJM,county served by one grid region,93.4
01134911642,building,QTS Manassas DC1,Quality Technology Services,Prince William County,VA,51153,38.75251711498091,-77.51311070311338,123471.0,PJM,county served by one grid region,93.4
01181391921,building,Amazon IAD130,Amazon Web Services,Prince William County,VA,51153,38.76036060090534,-77.51930184592597,103128.0,PJM,county served by one grid region,93.4
01181391922,building,Amazon IAD131,Amazon Web Services,Prince William County,VA,51153,38.76110475090396,-77.51822099585065,104697.0,PJM,county served by one grid region,93.4
01221862807,building,AWS IAD106,Amazon Web Services,Prince William County,VA,51153,38.74697497598997,-77.51852812758843,205206.0,PJM,county served by one grid region,93.4
01227539675,campus,Equinix DC14,Equinix,Prince William County,VA,51153,38.803345027236205,-77.51061642582921,222846.0,PJM,county served by one grid region,93.4
01227612684,building,Amazon IAD103,Amazon Web Services,Prince William County,VA,51153,38.73698426710412,-77.50407510523524,141914.0,PJM,county served by one grid region,93.4
01227614670,building,CloudHQ MCC3,CloudHQ,Prince William County,VA,51153,38.714970310843384,-77.49512778426042,122891.0,PJM,county served by one grid region,93.4
01252196815,building,Google,Google,Prince William County,VA,51153,38.776122951150654,-77.58252358239119,289731.0,PJM,county served by one grid region,93.4
01252196825,building,Amazon Web Services,Amazon Web Services,Prince William County,VA,51153,38.746145819498636,-77.51721534270156,212702.0,PJM,county served by one grid region,93.4
01280340214,building,Amazon Web Services,Amazon Web Services,Prince William County,VA,51153,38.80289734729966,-77.6221271999352,129225.0,PJM,county served by one grid region,93.4
01280340215,building,Amazon Web Services,Amazon Web Services,Prince William County,VA,51153,38.7451198113642,-77.53309395336687,14507.0,PJM,county served by one grid region,93.4
01280340216,building,Amazon Web Services,Amazon Web Services,Prince William County,VA,51153,38.81459760122616,-77.65433143122239,14389.0,PJM,county served by one grid region,93.4
01280340217,building,Amazon Web Services,Amazon Web Services,Prince William County,VA,51153,38.81696824406837,-77.65215913005484,149332.0,PJM,county served by one grid region,93.4
01283698132,building,Iron Mountain VA-3,,Prince William County,VA,51153,38.77550687563078,-77.54520013096746,181174.0,PJM,county served by one grid region,93.4
01287260553,building,Google,Google,Prince William County,VA,51153,38.7744165289811,-77.58562711780785,289621.0,PJM,county served by one grid region,93.4
01287260554,building,Amazon Web Services,Amazon Web Services,Prince William County,VA,51153,38.80185736221658,-77.62121027768342,127010.0,PJM,county served by one grid region,93.4
01287260555,building,Amazon Web Services,Amazon Web Services,Prince William County,VA,51153,38.80125678726276,-77.62048061962223,130170.0,PJM,county served by one grid region,93.4
01287260556,building,Iron Mountain VA-4,,Prince William County,VA,51153,38.77442331044019,-77.54222100424613,89044.0,PJM,county served by one grid region,93.4
01287260557,building,Iron Mountain VA-5,,Prince William County,VA,51153,38.77304294726684,-77.54116863541392,106629.0,PJM,county served by one grid region,93.4
01287260558,building,QTS Manassas DC2,Quality Technology Services,Prince William County,VA,51153,38.75319464399268,-77.51079702257591,137971.0,PJM,county served by one grid region,93.4
01287260559,building,,,Prince William County,VA,51153,38.758875222417394,-77.51665238523324,139592.0,PJM,county served by one grid region,93.4
01304357577,building,Iron Mountain VA-6,,Prince William County,VA,51153,38.76814288611768,-77.53864812619635,181918.0,PJM,county served by one grid region,93.4
01447029365,building,Microsoft Data Center 2,Microsoft,Prince William County,VA,51153,38.79995610690815,-77.58337970648039,247070.0,PJM,county served by one grid region,93.4
01464257783,building,Google,Google,Prince William County,VA,51153,38.779293094525954,-77.58633953014488,289592.0,PJM,county served by one grid region,93.4
01464257784,building,QTS Manassas DC1,Quality Technology Services,Prince William County,VA,51153,38.752551271861215,-77.51252254455412,128120.0,PJM,county served by one grid region,93.4
13154826379,point,NTT VA11 Data Center,NTT,Prince William County,VA,51153,38.79997309999995,-77.6099636,,PJM,county served by one grid region,93.4
01173822721,building,EAT14,,Chelan County,WA,53007,47.35949692084332,-120.16009077106149,241836.0,CHPD,county served by one grid region,0.0
01173822722,building,EAT13,,Chelan County,WA,53007,47.35842571835008,-120.15997586326914,232237.0,CHPD,county served by one grid region,0.0
01173822723,building,EAT12,,Chelan County,WA,53007,47.3574330116489,-120.15954624801125,248918.0,CHPD,county served by one grid region,0.0
00460167186,building,Intergate Columbia B,Sabey Data Centers,Douglas County,WA,53017,47.407163625794155,-120.1874901793035,192887.0,,"not assigned: county is served by BPAT, DOPD, GCPD",
00460167187,building,Intergate Columbia A,Sabey Data Centers,Douglas County,WA,53017,47.40871425585381,-120.18929355566497,262378.0,,"not assigned: county is served by BPAT, DOPD, GCPD",
00460167190,campus,Intergate Columbia,,Douglas County,WA,53017,47.40758787947685,-120.19173054919484,2771098.0,,"not assigned: county is served by BPAT, DOPD, GCPD",
00813688319,building,,,Douglas County,WA,53017,47.40724312100206,-120.2139654565477,102013.0,,"not assigned: county is served by BPAT, DOPD, GCPD",
00813688320,campus,Actapio,Actapio,Douglas County,WA,53017,47.407417055353164,-120.21413428085418,362519.0,,"not assigned: county is served by BPAT, DOPD, GCPD",
00814061068,building,,,Douglas County,WA,53017,47.39214942683649,-120.21746237328999,13946.0,,"not assigned: county is served by BPAT, DOPD, GCPD",
00814061069,building,,,Douglas County,WA,53017,47.39179410004563,-120.21787734999982,4004.0,,"not assigned: county is served by BPAT, DOPD, GCPD",
00814061070,building,,,Douglas County,WA,53017,47.391756904098365,-120.2175143749647,4003.0,,"not assigned: county is served by BPAT, DOPD, GCPD",
00814061071,building,,,Douglas County,WA,53017,47.39175897510766,-120.2169013334627,7706.0,,"not assigned: county is served by BPAT, DOPD, GCPD",
01071772119,building,Microsoft EAT02,Microsoft,Douglas County,WA,53017,47.416868024109554,-120.20768784943974,246129.0,,"not assigned: county is served by BPAT, DOPD, GCPD",
01071774674,building,Intergate Columbia D,Sabey Data Centers,Douglas County,WA,53017,47.40758548151772,-120.19160109219082,135020.0,,"not assigned: county is served by BPAT, DOPD, GCPD",
01173537116,building,Microsoft EAT03,Microsoft,Douglas County,WA,53017,47.41832392189266,-120.20770997491815,235418.0,,"not assigned: county is served by BPAT, DOPD, GCPD",
01173537117,building,Microsoft EAT04,Microsoft,Douglas County,WA,53017,47.419636588714944,-120.21382073657306,234834.0,,"not assigned: county is served by BPAT, DOPD, GCPD",
00283051469,building,,,Grant County,WA,53025,47.24621227884292,-119.81322935255957,151976.0,,"not assigned: county is served by BPAT, GCPD",
00283051470,building,,,Grant County,WA,53025,47.24765247479226,-119.81318678101925,133363.0,,"not assigned: county is served by BPAT, GCPD",
00283051471,building,,,Grant County,WA,53025,47.24616793078344,-119.81575602489733,135310.0,,"not assigned: county is served by BPAT, GCPD",
00283051472,campus,Intergate Quincy Data Center,Sabey Data Centers,Grant County,WA,53025,47.24532712863972,-119.81593119578889,4318512.0,,"not assigned: county is served by BPAT, GCPD",
00283051474,campus,H5 Data Center,Intuit,Grant County,WA,53025,47.251411489874954,-119.8187531190913,2700606.0,,"not assigned: county is served by BPAT, GCPD",
00283051475,building,,,Grant County,WA,53025,47.2525738060569,-119.81966487505578,246778.0,,"not assigned: county is served by BPAT, GCPD",
00283051477,campus,Yahoo Data Center,Yahoo,Grant County,WA,53025,47.24698453090597,-119.82778184700375,2171290.0,,"not assigned: county is served by BPAT, GCPD",
00283051478,building,,,Grant County,WA,53025,47.246735553110774,-119.82886591661293,151213.0,,"not assigned: county is served by BPAT, GCPD",
00283051481,building,,,Grant County,WA,53025,47.2459914143102,-119.8297911817926,35848.0,,"not assigned: county is served by BPAT, GCPD",
00283051482,building,,,Grant County,WA,53025,47.24598939949083,-119.8291703,35925.0,,"not assigned: county is served by BPAT, GCPD",
00283051483,building,,,Grant County,WA,53025,47.24598937431324,-119.82815880653993,33824.0,,"not assigned: county is served by BPAT, GCPD",
00283051484,building,,,Grant County,WA,53025,47.24600329947973,-119.82754149992971,33688.0,,"not assigned: county is served by BPAT, GCPD",
00283051485,building,,,Grant County,WA,53025,47.24606673682079,-119.82866158737185,19067.0,,"not assigned: county is served by BPAT, GCPD",
00283051487,campus,NTTData Data Center,,Grant County,WA,53025,47.24435998530277,-119.86463264336115,3068566.0,,"not assigned: county is served by BPAT, GCPD",
00337127817,building,Vantage WA11,,Grant County,WA,53025,47.25016454994511,-119.81449029306091,147430.0,,"not assigned: county is served by BPAT, GCPD",
00337127824,building,NTT Data Quincy,NTT,Grant County,WA,53025,47.24358751309279,-119.86571157127666,99760.0,,"not assigned: county is served by BPAT, GCPD",
00337127832,building,,,Grant County,WA,53025,47.23881859630125,-119.85935927491568,44365.0,,"not assigned: county is served by BPAT, GCPD",
00337127833,building,,,Grant County,WA,53025,47.23826232566218,-119.85936632665342,32106.0,,"not assigned: county is served by BPAT, GCPD",
00410408067,building,,,Grant County,WA,53025,47.23763280547861,-119.86448737759345,36918.0,,"not assigned: county is served by BPAT, GCPD",
00410408073,building,Microsoft,Microsoft,Grant County,WA,53025,47.23947854795628,-119.88299787007462,151246.0,,"not assigned: county is served by BPAT, GCPD",
00410408074,building,Microsoft,Microsoft,Grant County,WA,53025,47.238574845290714,-119.88308360926234,147922.0,,"not assigned: county is served by BPAT, GCPD",
00410408079,building,,,Grant County,WA,53025,47.23948769629937,-119.85940592515068,46835.0,,"not assigned: county is served by BPAT, GCPD",
00499403180,building,Microsoft,Microsoft,Grant County,WA,53025,47.23948680981334,-119.8874068597649,143439.0,,"not assigned: county is served by BPAT, GCPD",
00499403698,building,,,Grant County,WA,53025,47.238560686211635,-119.86445275389522,44446.0,,"not assigned: county is served by BPAT, GCPD",
00499403699,building,,,Grant County,WA,53025,47.24760077002591,-119.82542905367349,138534.0,,"not assigned: county is served by BPAT, GCPD",
00640148472,campus,CyrusOne Quincy,CyrusOne,Grant County,WA,53025,47.243696120678365,-119.86960399091235,1779563.0,,"not assigned: county is served by BPAT, GCPD",
00694493125,building,Microsoft,Microsoft,Grant County,WA,53025,47.237656787997864,-119.88757256028282,112036.0,,"not assigned: county is served by BPAT, GCPD",
00694493126,building,Microsoft,Microsoft,Grant County,WA,53025,47.23762824027307,-119.88319809847748,116001.0,,"not assigned: county is served by BPAT, GCPD",
00694493127,building,Microsoft,Microsoft,Grant County,WA,53025,47.23672160801631,-119.88329009579327,157191.0,,"not assigned: county is served by BPAT, GCPD",
00694493128,building,Microsoft,Microsoft,Grant County,WA,53025,47.236737102694434,-119.88747588150468,162608.0,,"not assigned: county is served by BPAT, GCPD",
00694602725,building,Vantage WA12,,Grant County,WA,53025,47.25394644110428,-119.81372107907391,124695.0,,"not assigned: county is served by BPAT, GCPD",
00700001774,campus,Microsoft MWH Data Center,Microsoft,Grant County,WA,53025,47.23776925865819,-119.88771018102906,8381014.0,,"not assigned: county is served by BPAT, GCPD",
00807374322,building,,,Grant County,WA,53025,47.23709780537748,-119.8951561143571,216848.0,,"not assigned: county is served by BPAT, GCPD",
01193914601,building,,,Grant County,WA,53025,47.24481075189648,-119.81798352548935,280235.0,,"not assigned: county is served by BPAT, GCPD",
01193914602,building,,,Grant County,WA,53025,47.24427568966153,-119.81481251567007,147278.0,,"not assigned: county is served by BPAT, GCPD",
01343760339,building,Vantage WA13,,Grant County,WA,53025,47.25252755404145,-119.81362252658953,252025.0,,"not assigned: county is served by BPAT, GCPD",
01343761104,building,,,Grant County,WA,53025,47.243644913836484,-119.86905124992496,119147.0,,"not assigned: county is served by BPAT, GCPD",
01429883881,building,Microsoft,Microsoft,Grant County,WA,53025,47.238592409813435,-119.88741175976489,143441.0,,"not assigned: county is served by BPAT, GCPD",
01470108469,building,,,Grant County,WA,53025,47.240178688965116,-119.86320668797937,504350.0,,"not assigned: county is served by BPAT, GCPD",
00205724881,building,Intergate Seattle East Building 2,,King County,WA,53033,47.49503090192437,-122.29056964991395,107319.0,,"not assigned: county is served by BPAT, CHPD, PSEI, SCL, TPWR",
00205724885,building,Intergate Seattle East Building 1,Sabey,King County,WA,53033,47.49485963017309,-122.28819434180774,97862.0,,"not assigned: county is served by BPAT, CHPD, PSEI, SCL, TPWR",
00221201212,building,,Comcast,King County,WA,53033,47.693323673804386,-122.31731718771367,8025.0,,"not assigned: county is served by BPAT, CHPD, PSEI, SCL, TPWR",
00223783259,building,CTI Biopharma,,King County,WA,53033,47.6177878057982,-122.35669303335187,20600.0,,"not assigned: county is served by BPAT, CHPD, PSEI, SCL, TPWR",
00223928497,building,Westin Building,Digital Realty,King County,WA,53033,47.61435537680634,-122.3388642251616,13117.0,,"not assigned: county is served by BPAT, CHPD, PSEI, SCL, TPWR",
00231664575,building,The Seattle Times,H5 Data Centers,King County,WA,53033,47.61898482839781,-122.33646162358502,48589.0,,"not assigned: county is served by BPAT, CHPD, PSEI, SCL, TPWR",
00293211683,building,Intergate Seattle East Building 5,Sabey,King County,WA,53033,47.49191977023952,-122.28973615206532,200124.0,,"not assigned: county is served by BPAT, CHPD, PSEI, SCL, TPWR",
00293211686,building,Intergate Seattle East Building 3,Sabey,King County,WA,53033,47.493556238112845,-122.29030164481166,203387.0,,"not assigned: county is served by BPAT, CHPD, PSEI, SCL, TPWR",
00293211687,building,Intergate Seattle East Building 4,Digital Realty,King County,WA,53033,47.49341087440766,-122.28885825770003,116828.0,,"not assigned: county is served by BPAT, CHPD, PSEI, SCL, TPWR",
00337126739,building,Intergate Seattle West Building C,Sabey,King County,WA,53033,47.49413118771306,-122.29440690516354,19791.0,,"not assigned: county is served by BPAT, CHPD, PSEI, SCL, TPWR",
00337126741,building,Intergate Seattle West Building B,Sabey,King County,WA,53033,47.49307629033907,-122.29368392327882,19140.0,,"not assigned: county is served by BPAT, CHPD, PSEI, SCL, TPWR",
00337126742,building,Intergate Seattle West Building A,Sabey,King County,WA,53033,47.49214782871073,-122.293319807759,38547.0,,"not assigned: county is served by BPAT, CHPD, PSEI, SCL, TPWR",
00359930465,building,Equinix SE3 Data Center,Equinix,King County,WA,53033,47.61442272967249,-122.33974344575807,12575.0,,"not assigned: county is served by BPAT, CHPD, PSEI, SCL, TPWR",
00417682780,building,KOMO Plaza East,,King County,WA,53033,47.619324932166734,-122.34815288067006,45743.0,,"not assigned: county is served by BPAT, CHPD, PSEI, SCL, TPWR",
00417682781,building,KOMO Plaza West,,King County,WA,53033,47.618919759615665,-122.34859631775392,20239.0,,"not assigned: county is served by BPAT, CHPD, PSEI, SCL, TPWR",
00634635617,building,Centeris SH2 Build-to-Suit,,Pierce County,WA,53053,47.15884380411734,-122.27986153681454,93539.0,,"not assigned: county is served by BPAT, PSEI, TPWR",
00634638463,building,Centeris SH1 Colocation,,Pierce County,WA,53053,47.16085522590024,-122.27930643656472,115786.0,,"not assigned: county is served by BPAT, PSEI, TPWR",
00680666647,campus,Centeris,,Pierce County,WA,53053,47.15959194833818,-122.2796841184508,1848925.0,,"not assigned: county is served by BPAT, PSEI, TPWR",
00396296733,building,Centersquare Lynnwood SE1,Centersquare,Snohomish County,WA,53061,47.84181079877673,-122.30169031041981,104460.0,,not found: no utility to grid record for this county,
00589360530,building,Digital Fortress Lynnwood,,Snohomish County,WA,53061,47.822425185435094,-122.28956096659816,24944.0,,not found: no utility to grid record for this county,
00842544718,building,Norma Beach Cable Landing Station,Unity Cable System,Snohomish County,WA,53061,47.86469753279464,-122.28415777716295,2369.0,,not found: no utility to grid record for this county,
13527396782,point,,,Snohomish County,WA,53061,47.95874409999997,-122.19153160000002,,,not found: no utility to grid record for this county,
00335468616,building,TierPoint,,Spokane County,WA,53063,47.671916867147694,-117.09593477622663,14435.0,,"not assigned: county is served by AVA, BPAT",
00444683815,building,Lumen,Lumen Technologies,Spokane County,WA,53063,47.654225584825305,-117.42000258764048,25399.0,,"not assigned: county is served by AVA, BPAT",
00876020641,building,Iron Mountain,,Spokane County,WA,53063,47.594616140243275,-117.53714762552474,14085.0,,"not assigned: county is served by AVA, BPAT",
00943987942,campus,Wave Broadband Tahoma Terra Facility,,Thurston County,WA,53067,46.94142447057516,-122.62504386293934,9139.0,,"not assigned: county is served by BPAT, PSEI",
00376627431,building,CSSNW Bellingham,CSS Communications,Whatcom County,WA,53073,48.75726819331372,-122.48054752807799,4312.0,,"not assigned: county is served by BPAT, PSEI",
00766768556,building,,Involta,Calumet County,WI,55015,44.20445478438387,-88.34487612453424,60180.0,MISO,county served by one grid region,91.3
01211362828,building,,,Columbia County,WI,55021,43.63833310938071,-89.72140293849328,361.0,MISO,county served by one grid region,91.3
00447803368,building,,,Dane County,WI,55025,43.06728877873921,-89.43673598135521,9176.0,MISO,county served by one grid region,91.3
13226718075,point,Lumen Madison 1 Data Center,Lumen Technologies,Dane County,WI,55025,43.067716100000005,-89.3922794,,MISO,county served by one grid region,91.3
01453996659,campus,Meta Beaver Dam Data Center,Meta,Dodge County,WI,55027,43.510374241426895,-88.81652212808933,18261491.0,MISO,county served by one grid region,91.3
01157356188,building,,West Wisconsin Telcom,Dunn County,WI,55033,44.87716526998907,-91.91999887343924,3368.0,MISO,county served by one grid region,91.3
00850342266,building,Marquette-Adams Telephone Coop,,Marquette County,WI,55077,43.78218427328896,-89.57480850448691,8257.0,MISO,county served by one grid region,91.3
00664938835,building,Expedient Milwaukee,,Milwaukee County,WI,55079,42.86317702172799,-87.97785780206577,26099.0,MISO,county served by one grid region,91.3
08165754026,point,Data Holdings Data Center,,Milwaukee County,WI,55079,43.04394079999997,-87.9539794,,MISO,county served by one grid region,91.3
09721703993,point,TierPoint Milwaukee,,Milwaukee County,WI,55079,43.00937789999995,-87.9610618,,MISO,county served by one grid region,91.3
00919948160,building,,,Racine County,WI,55101,42.67566516635273,-87.91840525370044,9094.0,MISO,county served by one grid region,91.3
00758306877,building,Central Office,AT&T,Walworth County,WI,55127,42.83365364525283,-88.73398014165807,9001.0,MISO,county served by one grid region,91.3
01011125238,building,Pewaukee Data Center,WE Energies,Waukesha County,WI,55133,43.05138860290855,-88.21666504030928,47298.0,MISO,county served by one grid region,91.3
06793837329,point,Morgan Wireless,,Morgan County,WV,54065,39.63098509999999,-78.2253196,,,not found: no utility to grid record for this county,
01414729942,building,,,Campbell County,WY,56005,44.18923686731807,-105.61048019591456,5975.0,WACM,county served by one grid region,95.0
00231047065,building,NCAR-Wyoming Supercomputing Center,University Corporation for Atmospheric Research,Laramie County,WY,56021,41.12879048730292,-104.89748679471974,101129.0,WACM,county served by one grid region,95.0
00414055237,campus,Microsoft CYS Datacenter,Microsoft,Laramie County,WY,56021,41.12341444962218,-104.90530165717429,8353216.0,WACM,county served by one grid region,95.0
00414055239,building,,,Laramie County,WY,56021,41.1262309898459,-104.90187602195962,140780.0,WACM,county served by one grid region,95.0
00537172525,building,,,Laramie County,WY,56021,41.124032949239215,-104.8980886,62914.0,WACM,county served by one grid region,95.0
00537172526,building,,,Laramie County,WY,56021,41.124036799320784,-104.8992687499629,67797.0,WACM,county served by one grid region,95.0
00537172527,building,,,Laramie County,WY,56021,41.12528359932865,-104.89927145,62555.0,WACM,county served by one grid region,95.0
00537172528,building,,,Laramie County,WY,56021,41.12528676311575,-104.89808331876364,63264.0,WACM,county served by one grid region,95.0
00711811006,campus,,University Corporation for Atmospheric Research,Laramie County,WY,56021,41.12869983787105,-104.89703157236751,571755.0,WACM,county served by one grid region,95.0
01177975782,building,,,Laramie County,WY,56021,41.125398685682946,-104.9075161092094,29178.0,WACM,county served by one grid region,95.0
01177975783,building,,,Laramie County,WY,56021,41.12645973663428,-104.89953749554007,33657.0,WACM,county served by one grid region,95.0
01177975784,building,,,Laramie County,WY,56021,41.12541097703015,-104.90197773507904,51590.0,WACM,county served by one grid region,95.0
01177975788,building,,,Laramie County,WY,56021,41.12226600580698,-104.90814229902796,218419.0,WACM,county served by one grid region,95.0
01177975789,building,,,Laramie County,WY,56021,41.12224618145857,-104.90951695028599,216879.0,WACM,county served by one grid region,95.0
01268789798,building,Windbreak Cable,,Laramie County,WY,56021,41.18260120002003,-104.0684982999999,1114.0,WACM,county served by one grid region,95.0
01282875386,campus,MineOne Wyoming Data Center,MineOne,Laramie County,WY,56021,41.125124440694,-104.89498384404324,306030.0,WACM,county served by one grid region,95.0
01386017500,building,CYS41 Datacenter,Microsoft,Laramie County,WY,56021,41.12439345701424,-104.89701277770264,46211.0,WACM,county served by one grid region,95.0
01386017501,building,CYS42 Datacenter,Microsoft,Laramie County,WY,56021,41.12538272388359,-104.90891013785874,60368.0,WACM,county served by one grid region,95.0
01455907959,campus,Meta Cheyenne Data Center,Meta,Laramie County,WY,56021,41.0779035259037,-104.82549757192865,11352010.0,WACM,county served by one grid region,95.0
